Age,Income,MonthlySpending,SessionDuration,PageViewsPerVisit,AccountAge,DeviceType,MembershipTier,PurchaseCategory
29,27.2,388.17,32.3,17.7,29,Mobile,Silver,0
32,38.0,374.73,21.4,9.7,10,Mobile,Basic,4
60,69.1,254.89,45.0,12.2,42,Mobile,Basic,2
25,61.5,311.11,11.1,32.1,31,Mobile,Silver,1
38,76.7,503.35,26.5,17.5,41,Mobile,Gold,0
49,107.8,922.81,16.0,16.2,1,Mobile,Gold,0
54,59.5,196.62,21.2,5.1,33,Tablet,Platinum,0
18,50.4,50.0,17.8,14.9,33,Desktop,Basic,3
32,63.5,143.31,35.9,3.8,12,Mobile,Basic,1
39,78.9,352.94,15.3,8.1,33,Mobile,Basic,2
34,63.4,377.87,30.6,12.4,23,Mobile,Gold,0
18,57.4,145.71,16.1,8.9,13,Desktop,Platinum,4
66,82.6,462.09,15.3,7.4,1,Desktop,Silver,2
40,70.6,446.65,19.5,16.0,33,Desktop,Silver,0
44,66.7,555.11,47.5,14.5,29,Desktop,Basic,0
40,78.9,297.05,26.7,22.3,29,Mobile,Platinum,0
42,80.6,307.36,27.5,10.0,16,Tablet,Gold,0
18,74.0,337.2,23.0,10.8,17,Mobile,Basic,1
31,34.9,391.75,22.6,18.2,16,Mobile,Gold,0
48,70.5,578.94,25.6,20.7,19,Mobile,Platinum,0
19,80.6,268.65,32.2,27.4,8,Desktop,Gold,1
41,63.2,430.17,25.6,7.5,15,Mobile,Platinum,0
49,92.7,440.6,26.9,13.5,40,Desktop,Basic,0
46,59.5,683.82,12.8,23.1,20,Mobile,Basic,0
29,21.0,234.52,19.6,16.4,17,Mobile,Gold,1
49,40.9,235.5,44.2,9.1,55,Desktop,Basic,2
46,100.4,433.38,21.9,14.7,28,Desktop,Platinum,0
39,84.5,318.13,33.1,10.9,1,Mobile,Platinum,1
26,59.4,273.96,41.3,20.5,11,Mobile,Gold,1
40,65.5,352.53,25.7,15.1,30,Mobile,Silver,0
27,69.3,250.26,27.5,25.9,11,Mobile,Basic,1
30,55.7,423.69,28.9,15.0,28,Mobile,Platinum,0
53,68.1,491.75,20.9,10.8,17,Mobile,Basic,0
33,55.4,237.45,15.0,8.8,27,Desktop,Basic,3
31,51.2,302.73,5.0,3.0,11,Desktop,Gold,4
59,30.6,50.0,33.1,13.0,14,Mobile,Silver,2
36,62.5,524.11,5.0,10.7,10,Mobile,Silver,0
43,37.8,456.82,29.5,24.3,18,Desktop,Platinum,0
36,22.5,50.0,38.4,20.0,30,Mobile,Basic,1
54,83.4,491.49,25.1,7.1,40,Desktop,Basic,0
19,51.4,665.26,,22.3,23,Desktop,Silver,0
25,67.6,282.52,14.6,21.0,40,Mobile,Platinum,1
46,79.2,481.43,16.3,16.2,36,Desktop,Silver,0
39,36.7,169.88,18.0,12.3,24,Tablet,Basic,3
38,35.1,281.81,32.4,14.3,18,Mobile,Silver,0
18,53.2,220.16,20.3,19.6,22,Mobile,Silver,1
47,94.5,333.14,26.6,12.7,26,Desktop,Gold,0
38,47.3,131.59,27.9,27.2,3,Mobile,Basic,1
20,40.7,237.64,16.3,14.2,25,Mobile,Silver,1
29,89.6,420.46,21.3,15.2,3,Desktop,Platinum,0
25,60.1,109.8,24.8,12.6,12,Mobile,Basic,4
61,41.3,250.87,37.3,9.6,44,Desktop,Gold,2
50,32.7,157.74,21.4,11.4,19,Desktop,Basic,3
18,45.2,167.06,21.3,15.8,42,Desktop,Basic,3
31,26.5,185.96,24.4,7.8,18,Mobile,Silver,1
46,60.7,131.35,17.7,11.8,38,Mobile,Silver,3
38,98.9,360.51,41.8,12.4,24,Desktop,Basic,0
18,64.1,286.18,26.1,20.0,32,Mobile,Basic,0
18,115.8,494.29,18.8,15.8,26,Desktop,Basic,0
29,66.9,347.06,13.5,15.7,31,Desktop,Gold,0
38,64.3,575.95,14.1,10.5,12,Tablet,Basic,0
46,93.9,523.1,33.6,10.6,28,Desktop,Platinum,0
43,83.6,335.02,24.5,14.2,43,Desktop,Basic,2
24,25.0,480.07,29.9,16.3,1,Mobile,Platinum,0
31,30.6,655.46,16.3,21.3,35,Mobile,Silver,0
36,39.8,290.25,25.2,9.3,1,Mobile,Silver,1
29,88.9,626.02,22.8,13.3,30,Desktop,Basic,0
52,80.0,98.22,21.1,8.5,31,Desktop,Silver,2
30,65.0,622.45,27.4,21.3,27,Mobile,Silver,0
18,55.9,295.09,29.1,15.4,24,Mobile,Basic,4
56,74.2,363.97,31.5,13.3,49,Desktop,Gold,2
43,85.3,380.82,31.1,8.0,37,Tablet,Basic,0
23,80.7,323.23,29.4,14.8,5,Tablet,Silver,0
50,52.3,,28.0,13.6,16,Mobile,Basic,2
56,101.9,245.33,37.7,3.3,12,Tablet,Silver,2
33,35.2,144.13,31.7,11.1,36,Desktop,Basic,2
54,70.8,435.51,27.4,7.3,46,Mobile,Silver,2
33,56.7,387.39,27.8,16.7,13,Mobile,Basic,0
30,96.5,524.46,41.6,20.9,38,Desktop,Silver,0
34,64.0,475.2,32.6,17.5,13,Desktop,Platinum,0
51,40.4,130.83,17.9,9.3,39,Desktop,Basic,3
18,44.2,317.02,35.8,19.4,17,Mobile,Gold,1
49,91.8,580.92,17.3,14.6,20,Desktop,Basic,0
30,88.1,289.47,38.8,10.5,27,Mobile,Platinum,0
43,63.6,577.87,15.2,22.3,24,Mobile,Platinum,0
29,69.0,571.34,20.3,11.3,21,Mobile,Platinum,0
30,105.1,276.37,35.5,12.8,15,Tablet,Silver,2
30,76.5,382.15,39.2,17.2,7,Mobile,Basic,1
48,20.0,119.59,21.1,9.2,46,Desktop,Silver,3
29,71.9,443.51,43.1,13.4,15,Mobile,Basic,1
32,84.8,552.95,18.3,15.3,1,Mobile,Platinum,0
64,53.7,357.26,25.2,16.6,1,Mobile,Silver,2
39,103.0,234.65,34.9,13.4,49,Mobile,Basic,2
45,62.7,125.51,24.6,22.3,26,Mobile,Silver,1
52,38.2,87.75,5.0,15.3,32,Desktop,Silver,2
40,84.1,140.73,29.7,10.3,16,Tablet,Silver,1
33,66.2,350.34,51.5,18.1,9,Mobile,Silver,1
50,69.3,365.16,21.2,18.6,22,Desktop,Silver,0
26,75.7,547.85,11.9,17.4,11,Mobile,Gold,0
42,97.1,579.22,27.0,13.8,17,Mobile,Platinum,0
50,61.0,294.44,30.3,11.0,13,Mobile,Silver,0
31,59.4,375.13,35.3,18.9,16,Desktop,Silver,1
36,65.6,301.07,13.4,18.3,31,Mobile,Platinum,0
49,46.3,375.53,29.6,16.3,24,Desktop,Gold,1
41,49.4,239.42,28.3,12.2,30,Desktop,Silver,3
35,68.9,437.86,5.0,16.1,18,Desktop,Gold,0
23,74.0,293.08,28.8,16.5,35,Mobile,Platinum,0
35,65.7,172.55,34.3,14.1,37,Tablet,Silver,2
51,69.3,470.8,16.3,10.7,25,Mobile,Platinum,0
33,66.9,369.79,27.4,7.5,39,Desktop,Silver,0
22,88.4,550.79,28.1,10.0,27,Mobile,Basic,0
45,90.9,452.28,17.2,18.2,24,Desktop,Silver,0
40,68.0,65.24,5.0,10.8,32,Desktop,Basic,3
75,58.3,445.02,22.1,3.6,27,Mobile,Basic,2
31,59.8,264.99,17.4,22.9,1,Mobile,Silver,1
48,49.1,50.23,15.0,9.2,6,Desktop,Basic,3
64,55.8,448.34,10.8,14.6,18,Mobile,Gold,2
38,70.0,648.06,18.0,18.1,21,Mobile,Basic,0
27,49.8,116.87,21.7,10.3,39,Mobile,Silver,3
42,33.6,338.79,36.2,8.5,19,Mobile,Basic,1
63,50.6,245.17,28.7,14.7,28,Desktop,Gold,2
18,42.1,91.91,23.4,3.0,60,Desktop,Gold,3
47,121.9,580.61,32.6,15.7,22,Mobile,Silver,0
28,48.0,438.62,11.5,16.0,24,Mobile,Basic,0
36,64.6,911.53,35.9,8.8,27,Mobile,Silver,0
22,83.6,347.79,32.7,20.0,40,Desktop,Platinum,0
34,75.5,432.22,23.7,8.9,54,Tablet,Gold,2
28,31.7,91.53,19.1,6.8,28,Desktop,Basic,3
42,87.1,391.22,16.9,9.9,20,Desktop,Gold,0
26,34.2,306.78,21.8,16.9,31,Mobile,Gold,1
22,79.2,609.4,22.0,21.8,40,Desktop,Platinum,0
52,81.1,538.11,36.3,17.2,18,Desktop,Basic,0
22,72.1,614.48,7.5,22.7,37,Desktop,Silver,0
35,99.6,597.4,13.8,17.9,22,Mobile,Gold,0
66,65.6,83.01,10.7,8.8,34,Desktop,Silver,3
43,94.4,499.03,13.9,14.0,37,Tablet,Silver,0
28,36.5,267.67,33.1,16.1,16,Desktop,Silver,1
41,97.0,548.74,27.3,8.0,1,Desktop,Silver,2
49,77.3,508.44,7.2,9.0,35,Mobile,Platinum,0
33,67.6,182.32,18.4,12.8,34,Mobile,Basic,4
27,54.8,147.41,17.7,14.8,40,Mobile,Silver,4
31,65.9,180.65,22.4,18.7,9,Desktop,Gold,0
23,52.5,439.83,37.3,20.1,16,Mobile,Silver,1
18,115.8,473.3,28.2,14.7,15,Mobile,Silver,0
58,50.3,295.21,21.5,21.4,24,Desktop,Silver,0
42,85.8,557.36,44.2,25.9,16,Desktop,Gold,0
38,24.5,262.96,21.9,25.0,29,Tablet,Basic,1
18,54.6,392.19,28.1,24.4,22,Mobile,Gold,1
23,52.6,556.4,25.2,14.3,19,Desktop,Silver,0
32,48.2,561.55,23.4,15.2,43,Tablet,Silver,0
22,46.7,150.48,9.1,10.6,29,Tablet,Silver,3
38,104.6,300.96,26.1,15.4,11,Mobile,Basic,0
45,121.5,447.45,29.0,15.4,15,Desktop,Platinum,0
18,42.3,140.8,47.0,19.3,15,Mobile,Silver,1
22,,282.3,21.0,13.0,16,Desktop,Gold,4
25,75.9,288.95,25.6,12.6,54,Desktop,Basic,0
32,29.7,266.58,35.2,30.0,12,Mobile,Basic,1
27,55.4,316.51,27.4,14.8,20,Mobile,Basic,2
32,74.7,472.44,25.8,17.2,34,Mobile,Gold,0
50,75.0,144.31,28.5,13.9,41,Tablet,Basic,2
28,61.8,363.88,29.3,20.2,19,Desktop,Platinum,0
31,51.2,354.66,33.3,33.7,9,Mobile,Gold,1
22,54.8,293.74,59.2,18.9,7,Mobile,Silver,1
31,55.3,359.46,39.7,17.0,16,Desktop,Platinum,1
27,52.4,496.48,14.8,12.9,12,Desktop,Gold,0
28,24.2,333.76,28.1,12.9,23,Tablet,Silver,2
45,35.9,394.66,26.7,10.4,45,Mobile,Basic,0
41,63.2,173.01,21.6,20.1,20,Desktop,Silver,0
32,64.8,472.42,31.2,26.9,34,Mobile,Gold,0
20,56.1,290.72,19.2,18.9,22,Desktop,Gold,1
35,45.9,228.61,18.0,30.7,18,Mobile,Silver,1
64,53.5,385.67,28.3,18.0,35,Desktop,Gold,0
19,50.4,310.78,50.7,11.6,30,Tablet,Silver,1
34,58.2,562.63,30.2,19.9,24,Mobile,Silver,0
42,62.6,183.42,24.6,17.2,3,Mobile,Silver,1
31,60.2,205.95,41.2,21.3,15,Desktop,Gold,0
46,40.3,389.21,24.5,12.0,25,Mobile,Silver,1
23,89.0,388.53,31.3,7.6,9,Desktop,Basic,0
30,59.9,171.34,24.2,14.9,34,Desktop,Basic,3
29,93.2,686.06,28.7,7.5,13,Mobile,Gold,0
36,90.2,554.45,27.2,14.0,20,Desktop,Gold,0
32,96.6,430.64,18.2,11.2,12,Desktop,Basic,0
36,68.5,79.75,21.3,8.0,24,Tablet,Silver,3
18,46.7,110.31,23.8,10.7,11,Tablet,Basic,3
46,79.2,479.76,24.9,12.4,27,Tablet,Silver,0
38,23.6,226.12,27.5,21.5,30,Tablet,Basic,1
35,54.0,283.37,20.8,10.6,42,Mobile,Gold,2
19,62.7,109.81,24.4,18.0,35,Tablet,Basic,1
29,20.0,80.11,30.3,23.7,22,Tablet,Gold,1
37,98.2,369.06,32.2,6.8,13,Mobile,Silver,0
35,77.3,459.28,17.6,14.0,6,Mobile,Gold,0
33,73.8,57.89,12.1,6.7,27,Mobile,Gold,3
46,61.1,248.6,5.0,11.8,20,Mobile,Basic,3
21,85.3,364.23,30.2,28.1,3,Mobile,Platinum,1
22,31.4,345.09,26.3,15.5,26,Mobile,Silver,0
21,91.1,485.94,30.9,5.5,28,Mobile,Basic,0
52,67.0,239.3,28.1,5.9,47,Desktop,Silver,2
32,42.1,81.79,26.1,7.9,37,Mobile,Basic,3
31,32.3,121.7,11.7,12.8,27,Tablet,Basic,3
58,64.6,249.74,12.0,9.3,21,Mobile,Gold,2
40,44.0,274.3,41.8,22.1,17,Mobile,Basic,1
26,64.2,563.35,23.2,8.3,45,Tablet,Basic,0
38,46.9,383.72,25.9,23.5,11,Desktop,Gold,0
31,45.8,68.18,18.6,9.9,37,Mobile,Silver,3
18,54.6,309.35,32.5,18.0,19,Mobile,Gold,1
31,65.0,424.52,38.1,14.1,24,Desktop,Silver,0
55,84.0,462.42,25.3,3.1,33,Tablet,Gold,0
23,48.1,238.9,40.2,17.7,39,Mobile,Silver,1
34,62.0,120.84,37.8,18.5,30,Desktop,Basic,0
37,47.4,377.46,31.7,9.7,1,Mobile,Basic,0
29,52.4,293.56,37.3,23.8,21,Mobile,Silver,1
38,66.3,156.04,15.0,15.5,11,Mobile,Gold,1
22,44.0,391.86,30.1,18.9,17,Mobile,Gold,1
48,79.2,425.94,45.0,9.7,20,Desktop,Silver,0
67,101.7,509.11,26.2,10.5,5,Desktop,Gold,2
30,101.6,304.09,28.3,14.1,32,Desktop,Basic,0
34,46.0,461.34,33.4,14.9,33,Mobile,Basic,0
37,81.4,354.09,34.2,16.4,40,Mobile,Gold,2
32,45.4,245.59,26.3,14.1,1,Mobile,Basic,1
27,65.3,597.03,37.2,18.6,36,Mobile,Gold,2
24,20.0,398.61,45.4,16.7,15,Mobile,Gold,1
23,61.9,392.49,12.6,22.5,15,Mobile,Basic,1
36,84.2,421.77,24.2,13.9,36,Desktop,Platinum,0
22,67.4,584.8,25.3,18.3,45,Tablet,Basic,0
45,76.9,373.35,5.0,14.2,20,Mobile,Platinum,0
32,39.4,309.0,28.8,23.6,23,Desktop,Gold,0
22,52.4,140.76,23.2,12.6,17,Desktop,Basic,4
56,54.8,399.04,26.9,18.9,17,Desktop,Silver,0
51,23.9,89.62,31.0,14.3,41,Desktop,Basic,3
30,75.3,192.42,21.9,26.1,18,Mobile,Gold,1
44,44.7,350.96,14.7,10.0,8,Desktop,Gold,2
18,79.0,529.74,30.5,16.2,46,Mobile,Basic,1
34,79.2,315.97,25.0,14.3,15,Mobile,Basic,1
25,28.1,405.51,25.0,12.4,16,Mobile,Silver,1
38,54.1,706.65,29.2,13.0,15,Desktop,Platinum,0
44,78.5,346.69,26.0,12.2,21,Mobile,Silver,2
45,81.0,333.98,40.2,15.4,12,Mobile,Basic,0
44,83.0,509.19,21.6,17.3,21,Mobile,Gold,0
27,86.0,203.29,24.0,17.3,6,Mobile,Silver,1
36,73.9,428.27,25.3,20.1,22,Mobile,Basic,0
49,71.2,88.59,20.7,11.0,14,Mobile,Silver,3
18,52.4,169.29,19.2,11.9,7,Mobile,Platinum,4
39,31.5,189.55,10.5,9.4,13,Mobile,Gold,3
30,92.1,454.41,29.1,10.1,7,Mobile,Platinum,0
36,68.6,543.97,24.4,16.0,5,Mobile,Gold,0
50,37.5,135.4,10.9,11.4,23,Tablet,Silver,3
23,61.3,518.6,41.8,14.3,31,Desktop,Silver,0
18,49.1,69.96,5.0,13.2,16,Mobile,Basic,4
53,44.9,240.81,14.1,13.2,13,Desktop,Silver,4
58,52.1,50.0,17.5,18.1,25,Mobile,Gold,3
46,103.8,482.84,18.3,3.0,32,Desktop,Basic,0
23,69.7,455.06,27.1,9.4,38,Mobile,Platinum,0
31,24.9,114.55,20.2,10.5,47,Mobile,Basic,3
24,91.4,477.65,21.6,5.5,41,Mobile,Silver,0
39,51.1,225.97,8.0,18.6,17,Mobile,Gold,0
21,44.8,304.31,25.3,23.7,8,Mobile,Silver,1
18,42.2,104.95,15.6,13.7,45,Mobile,Basic,3
25,44.2,214.29,23.0,16.1,14,Mobile,Basic,1
36,38.6,407.11,20.2,10.3,22,Desktop,Basic,1
18,102.8,550.84,13.0,7.6,44,Mobile,Silver,0
18,48.7,257.23,37.2,11.6,3,Desktop,Silver,1
18,61.0,203.0,24.6,11.7,1,Mobile,Basic,4
33,96.2,315.94,21.9,14.1,1,Mobile,Gold,0
38,53.4,405.76,34.1,18.6,9,Mobile,Silver,1
50,33.5,182.61,21.1,11.9,29,Desktop,Basic,3
54,68.7,503.53,31.6,8.1,18,Desktop,Basic,2
33,20.0,447.34,34.4,27.4,2,Mobile,Silver,1
28,82.0,350.14,14.1,14.0,43,Desktop,Silver,2
18,45.1,470.49,25.2,11.4,34,Desktop,Gold,0
34,87.1,383.15,41.4,10.9,49,Mobile,Gold,0
63,67.8,460.65,39.0,13.4,21,Desktop,Gold,2
54,20.0,408.11,22.3,18.6,39,Tablet,Gold,2
25,74.3,219.57,22.8,14.8,20,Desktop,Basic,3
47,44.1,146.89,22.1,7.0,35,Desktop,Gold,3
46,33.1,326.8,18.3,13.3,12,Mobile,Basic,1
29,,247.88,14.1,26.8,10,Tablet,Silver,1
48,89.1,412.27,20.2,20.7,33,Desktop,Silver,2
35,62.2,529.22,27.2,18.1,19,Mobile,Silver,1
19,52.1,137.59,24.2,14.0,17,Desktop,Basic,2
56,27.7,456.63,35.4,15.8,48,Desktop,Gold,2
42,43.8,120.1,30.7,6.0,16,Desktop,Silver,3
31,92.1,501.18,37.0,15.4,36,Desktop,Gold,0
35,89.4,395.21,44.1,15.9,21,Desktop,Silver,0
44,65.1,536.47,12.9,15.9,29,Mobile,Gold,0
18,38.9,146.34,43.4,29.3,21,Mobile,Gold,1
34,68.3,403.44,12.6,16.3,24,Desktop,Platinum,0
30,39.3,287.22,37.4,13.1,19,Mobile,Gold,1
35,42.1,221.21,32.3,13.2,21,Desktop,Silver,1
58,57.8,530.13,19.2,20.2,9,Mobile,Gold,0
30,36.4,362.24,21.6,23.3,15,Desktop,Basic,1
27,79.2,679.55,18.8,20.9,42,Mobile,Silver,0
38,64.1,730.29,25.3,11.0,10,Mobile,Basic,0
59,52.4,355.7,36.6,10.1,29,Desktop,Basic,2
35,88.7,538.61,23.2,15.3,20,Desktop,Silver,0
54,57.3,334.05,18.0,18.6,29,Mobile,Basic,0
30,38.5,289.24,14.4,20.9,27,Mobile,Silver,1
66,51.5,497.67,26.6,11.4,37,Desktop,Basic,2
31,48.6,500.62,22.9,14.2,9,Desktop,Gold,0
44,49.5,107.08,49.5,19.6,11,Desktop,Silver,1
35,100.6,612.45,16.4,11.6,35,Mobile,Silver,0
21,65.5,405.18,22.1,12.2,11,Mobile,Basic,0
60,88.6,163.79,45.8,17.6,19,Mobile,Silver,1
44,57.3,232.34,17.0,14.6,2,Mobile,Silver,1
29,79.7,399.93,29.7,19.5,37,Mobile,Gold,1
26,73.7,457.81,22.3,13.2,25,Desktop,Silver,2
26,59.6,149.49,18.3,9.0,18,Mobile,Basic,4
48,71.7,219.51,35.0,23.2,24,Mobile,Silver,1
29,67.8,845.68,27.4,13.1,1,Mobile,Gold,0
32,57.7,534.13,35.0,11.4,35,Tablet,Basic,2
29,77.8,461.0,32.8,19.8,30,Mobile,Basic,0
31,89.8,436.2,16.3,13.0,25,Mobile,Basic,0
44,71.3,268.62,25.5,15.6,26,Desktop,Gold,0
29,62.7,293.97,30.6,22.2,20,Desktop,Silver,0
32,53.2,104.73,22.1,8.3,6,Mobile,Basic,4
42,33.3,474.65,38.1,4.2,45,Desktop,Silver,2
31,55.5,261.49,42.1,12.6,24,Desktop,Gold,1
58,64.4,593.6,24.2,21.2,24,Desktop,Silver,0
30,46.7,372.47,30.0,22.0,25,Mobile,Gold,0
31,69.2,432.82,25.7,18.5,19,Mobile,Platinum,0
26,72.7,428.45,23.7,15.2,25,Desktop,Silver,0
18,42.0,558.0,19.6,11.9,25,Tablet,Basic,1
18,59.8,628.96,14.1,4.1,8,Desktop,Gold,2
26,67.3,419.03,47.9,18.5,1,Mobile,Basic,1
32,71.2,617.83,35.2,14.1,37,Desktop,Platinum,0
35,48.9,364.62,9.4,9.9,14,Desktop,Silver,4
45,33.7,,34.8,4.2,30,Tablet,Gold,2
18,43.0,189.72,38.1,20.7,5,Mobile,Silver,1
36,40.3,243.43,35.0,23.1,31,Tablet,Silver,1
31,78.6,515.92,24.2,6.0,28,Mobile,Gold,0
22,104.5,523.72,23.2,9.3,14,Desktop,Gold,0
29,85.2,327.84,37.0,21.8,18,Tablet,Basic,0
37,20.0,157.39,15.9,12.5,25,Desktop,Basic,2
40,85.6,165.05,24.0,8.1,35,Mobile,Gold,0
27,65.8,112.08,27.7,13.6,36,Mobile,Silver,0
20,54.9,272.7,33.0,11.5,25,Mobile,Silver,0
33,87.0,268.84,31.5,10.8,18,Mobile,Gold,0
41,45.3,126.47,5.0,4.5,37,Mobile,Silver,3
42,71.5,440.12,9.8,8.5,25,Desktop,Silver,2
29,29.7,320.23,43.2,20.6,9,Desktop,Gold,1
25,82.6,599.59,34.5,14.7,20,Mobile,Gold,0
37,30.3,386.54,27.4,27.6,23,Mobile,Basic,1
18,80.6,435.12,38.8,15.4,15,Mobile,Silver,1
52,77.9,50.0,27.7,13.3,23,Mobile,Platinum,0
31,91.1,617.95,27.3,13.3,24,Mobile,Gold,0
41,84.2,681.07,35.0,11.6,34,Desktop,Silver,0
26,36.6,308.0,5.0,9.5,16,Mobile,Silver,1
18,40.3,319.12,35.8,19.9,30,Mobile,Silver,1
32,46.9,433.78,33.9,18.4,41,Desktop,Silver,0
33,104.4,446.72,30.7,22.4,22,Desktop,Gold,0
30,31.2,494.3,25.3,21.0,30,Mobile,Silver,1
35,22.7,251.21,32.5,18.4,3,Mobile,Gold,1
61,46.1,76.0,21.9,9.4,12,Mobile,Silver,3
18,78.9,229.57,23.9,9.4,35,Mobile,Basic,1
44,83.4,441.05,11.4,11.0,26,Desktop,Basic,0
42,94.3,266.07,42.6,18.8,24,Desktop,Gold,0
18,50.9,50.0,31.9,22.2,18,Mobile,Silver,1
39,104.1,361.35,28.5,7.2,29,Mobile,Basic,0
27,41.3,203.96,26.1,22.3,5,Mobile,Gold,1
34,49.4,65.05,32.6,7.4,19,Desktop,Basic,3
39,38.1,390.62,32.0,21.5,15,Desktop,Basic,1
30,111.3,259.61,37.3,14.4,28,Tablet,Platinum,0
42,43.7,366.42,5.0,15.7,9,Mobile,Basic,1
37,67.6,304.09,23.3,22.2,19,Mobile,Basic,1
43,69.0,283.05,21.0,16.1,13,Desktop,Basic,1
51,49.2,120.81,21.0,8.5,15,Desktop,Basic,3
40,60.9,414.33,28.7,17.6,11,Desktop,Gold,0
19,38.1,295.29,17.1,3.1,4,Mobile,Basic,4
34,50.5,193.11,18.0,13.2,48,Tablet,Basic,3
49,80.7,155.51,28.7,20.2,23,Desktop,Gold,0
41,96.7,500.01,5.1,12.5,38,Mobile,Basic,0
25,110.7,702.22,17.9,15.7,16,Desktop,Gold,0
43,81.6,890.31,16.8,6.4,19,Mobile,Silver,0
25,56.6,306.81,29.1,12.5,22,Mobile,Gold,0
29,61.6,85.84,6.2,22.1,23,Mobile,Silver,1
43,71.1,494.58,38.3,4.4,29,Desktop,Gold,0
52,62.4,445.19,25.3,3.9,10,Desktop,Silver,0
56,72.1,457.13,26.5,16.8,30,Mobile,Gold,2
42,66.6,596.46,15.9,9.5,32,Mobile,Silver,0
57,51.6,323.97,40.6,18.2,54,Desktop,Silver,2
26,56.9,97.43,38.4,10.7,22,Desktop,Silver,0
31,48.9,516.25,13.5,10.8,1,Desktop,Silver,0
18,,279.76,24.6,32.0,36,Desktop,Basic,1
41,44.2,130.45,29.9,19.0,14,Mobile,Gold,1
23,51.6,139.3,11.8,12.8,3,Mobile,Basic,3
37,52.6,593.24,20.3,21.8,37,Tablet,Silver,2
75,43.1,204.35,21.2,12.1,4,Desktop,Silver,2
37,69.1,357.28,32.2,10.9,46,Desktop,Gold,0
54,80.1,448.27,33.2,20.5,14,Mobile,Silver,0
50,79.7,174.51,23.9,6.6,17,Mobile,Gold,2
41,29.2,374.31,27.6,9.1,27,Mobile,Silver,2
18,69.7,149.34,17.4,16.0,43,Mobile,Basic,4
23,84.0,343.87,20.7,11.4,10,Mobile,Silver,0
44,76.1,513.37,21.3,13.2,27,Mobile,Basic,0
34,45.4,75.72,40.1,9.3,47,Mobile,Gold,2
46,49.3,286.74,45.5,23.8,24,Mobile,Gold,0
46,39.2,50.0,10.7,10.1,12,Mobile,Basic,3
28,62.8,132.37,19.9,12.6,35,Desktop,Silver,3
31,49.0,385.65,32.7,21.5,36,Desktop,Silver,0
21,84.8,302.19,34.3,6.7,48,Desktop,Silver,2
32,26.4,362.29,44.3,22.7,31,Tablet,Basic,2
46,79.6,524.83,22.3,16.0,30,Mobile,Basic,0
39,62.4,66.7,19.6,15.7,44,Desktop,Silver,3
36,73.0,436.03,10.5,12.1,31,Tablet,Basic,1
41,50.2,186.96,23.0,6.4,60,Mobile,Silver,2
41,94.2,591.88,33.6,11.8,20,Mobile,Gold,0
40,56.0,159.26,7.6,12.1,25,Desktop,Silver,3
51,102.1,651.99,36.5,16.5,24,Desktop,Gold,0
32,83.1,444.74,18.2,21.5,25,Mobile,Gold,0
32,50.5,176.87,22.8,10.9,12,Desktop,Basic,3
21,64.4,525.14,17.1,23.0,39,Mobile,Platinum,0
19,56.4,107.13,18.7,18.8,19,Desktop,Platinum,0
32,29.7,263.84,14.7,12.0,14,Mobile,Basic,4
36,52.8,284.0,19.9,12.6,1,Mobile,Basic,4
55,67.4,433.61,36.0,15.7,19,Mobile,Silver,1
27,51.3,440.56,9.2,27.2,9,Mobile,Silver,1
42,100.1,570.11,41.5,17.8,22,Desktop,Gold,0
27,62.0,403.66,8.2,15.7,1,Mobile,Platinum,0
36,92.3,378.47,38.4,7.7,38,Mobile,Gold,0
65,53.9,192.25,15.9,18.7,17,Mobile,Gold,1
46,58.4,432.32,24.5,4.3,28,Desktop,Silver,2
32,68.6,520.83,19.5,16.2,23,Desktop,Gold,2
34,80.1,293.35,20.4,10.1,29,Desktop,Silver,2
35,87.5,479.02,35.5,14.6,22,Desktop,Platinum,0
27,64.3,214.75,23.9,16.8,32,Mobile,Silver,1
35,41.4,496.46,28.8,17.9,1,Mobile,Gold,0
40,68.3,192.33,36.6,17.7,1,Mobile,Gold,1
26,66.9,490.84,,17.7,8,Mobile,Basic,0
68,48.3,174.26,20.3,8.5,25,Tablet,Basic,3
49,82.2,628.06,17.3,12.9,15,Mobile,Gold,0
42,56.4,456.45,30.5,4.7,49,Mobile,Silver,0
37,75.7,437.72,32.9,18.7,28,Mobile,Platinum,0
68,32.5,368.15,28.6,15.3,17,Desktop,Silver,2
35,81.8,152.96,41.5,34.2,14,Mobile,Basic,1
35,86.3,361.29,37.4,9.4,3,Mobile,Gold,0
33,137.4,448.19,16.0,14.7,23,Tablet,Gold,0
31,102.1,381.86,34.5,9.5,49,Tablet,Gold,2
32,80.6,310.03,17.0,18.4,19,Mobile,Basic,0
34,50.8,440.86,22.3,11.5,30,Desktop,Silver,2
49,48.8,487.37,36.7,14.9,57,Tablet,Silver,2
29,124.0,747.55,25.1,16.9,40,Tablet,Platinum,0
34,61.9,,25.6,15.9,14,Desktop,Silver,0
35,45.3,314.91,13.8,7.8,14,Desktop,Silver,4
27,102.4,745.04,24.7,21.2,11,Desktop,Gold,0
44,74.7,50.0,19.9,11.9,12,Mobile,Gold,0
34,41.7,256.98,38.1,9.4,22,Desktop,Basic,2
47,20.0,171.08,30.1,6.8,14,Mobile,Basic,3
30,24.6,110.57,27.2,8.3,25,Mobile,Silver,4
53,62.4,290.79,30.2,13.9,41,Desktop,Gold,2
21,65.5,891.46,30.8,26.8,41,Tablet,Platinum,0
37,81.0,444.51,11.1,15.1,39,Desktop,Basic,0
56,45.0,291.33,18.8,8.7,11,Desktop,Silver,2
21,57.3,229.71,41.8,27.9,27,Mobile,Gold,1
23,113.9,336.05,30.3,20.3,17,Desktop,Gold,0
66,43.0,55.71,16.5,10.6,29,Mobile,Basic,3
40,114.4,519.64,29.9,17.9,29,Desktop,Platinum,0
28,40.7,255.1,33.1,18.1,21,Desktop,Silver,1
48,76.6,253.83,22.2,15.2,2,Desktop,Gold,0
37,79.6,216.99,35.7,19.3,16,Desktop,Silver,1
31,89.0,168.75,34.4,20.3,25,Tablet,Silver,0
58,39.7,567.3,17.7,14.9,21,Mobile,Basic,0
24,95.6,180.88,29.3,13.4,10,Mobile,Gold,0
32,29.4,326.13,20.8,17.3,21,Mobile,Basic,1
25,78.9,579.44,53.1,12.4,42,Desktop,Silver,2
41,46.3,403.72,27.5,17.3,23,Desktop,Basic,1
20,35.4,127.22,22.6,9.5,4,Mobile,Basic,4
23,52.0,766.69,18.1,13.4,20,Desktop,Silver,0
44,68.9,264.53,35.2,14.5,45,Desktop,Platinum,0
18,52.9,215.93,17.5,9.3,32,Tablet,Silver,3
29,68.8,399.33,20.0,21.1,30,Desktop,Gold,0
26,38.7,151.79,18.0,7.8,11,Mobile,Silver,4
18,71.4,708.85,26.0,18.8,25,Mobile,Silver,0
30,38.7,135.97,15.0,19.0,34,Mobile,Silver,4
23,84.4,717.44,23.0,3.1,32,Mobile,Gold,0
43,56.8,116.34,14.5,13.0,22,Desktop,Basic,3
47,66.1,288.8,25.6,16.8,7,Mobile,Silver,1
22,44.3,248.79,17.8,15.2,26,Mobile,Gold,4
35,55.4,560.99,38.4,16.7,47,Mobile,Silver,0
42,59.8,411.38,29.8,14.8,16,Mobile,Basic,1
18,34.5,277.8,23.2,13.5,1,Mobile,Basic,4
28,33.0,397.65,24.2,13.5,18,Desktop,Silver,1
23,29.8,64.71,29.7,16.6,4,Mobile,Gold,1
46,67.0,277.18,43.6,24.0,10,Desktop,Basic,1
37,58.1,195.35,36.1,15.5,17,Mobile,Gold,1
18,36.1,379.43,32.5,19.2,13,Mobile,Silver,1
36,41.8,190.23,23.6,17.7,18,Mobile,Silver,1
28,44.1,195.25,12.4,10.5,49,Desktop,Basic,3
27,64.9,329.53,19.1,28.6,34,Tablet,Basic,0
46,84.8,209.06,28.2,20.4,14,Mobile,Silver,0
36,56.5,348.16,15.5,7.6,12,Mobile,Silver,4
18,51.3,97.87,20.1,12.8,20,Desktop,Basic,3
20,35.9,390.37,26.2,19.6,23,Mobile,Gold,1
50,20.0,355.98,21.6,28.2,19,Desktop,Basic,1
44,87.8,295.55,21.1,15.0,24,Mobile,Gold,0
38,69.2,324.22,19.1,13.9,1,Mobile,Silver,0
38,40.5,258.49,45.4,26.0,27,Mobile,Platinum,1
30,85.9,414.92,23.4,17.0,17,Mobile,Gold,0
39,81.2,383.17,15.9,22.7,27,Mobile,Silver,1
28,94.9,335.74,22.6,22.9,23,Mobile,Silver,0
31,32.0,180.21,20.0,17.2,20,Tablet,Basic,4
22,62.1,176.04,10.6,11.3,27,Mobile,Platinum,4
52,29.2,151.44,13.8,22.2,20,Mobile,Gold,1
27,55.0,291.77,13.3,36.3,23,Tablet,Silver,1
42,72.2,355.31,29.8,16.9,14,Desktop,Gold,0
54,95.6,352.85,30.9,15.2,19,Tablet,Gold,2
21,96.7,139.27,17.0,27.9,25,Desktop,Basic,1
50,74.4,839.82,11.2,18.5,38,Mobile,Platinum,0
36,56.7,160.79,24.2,13.1,14,Mobile,Basic,3
40,87.3,364.04,51.5,12.8,31,Mobile,Silver,2
39,66.9,125.7,14.4,7.2,22,Desktop,Silver,3
28,58.0,368.76,11.5,8.7,20,Desktop,Basic,2
30,45.0,322.8,47.2,29.8,1,Mobile,Gold,1
37,67.0,467.64,26.2,12.1,13,Desktop,Basic,0
49,62.8,95.29,22.0,12.9,44,Desktop,Basic,3
39,46.7,129.56,12.0,9.4,38,Desktop,Basic,3
41,69.6,482.66,18.4,18.5,23,Mobile,Silver,0
34,66.0,548.72,21.8,23.0,42,Desktop,Basic,0
28,68.5,750.36,22.5,16.8,30,Tablet,Basic,0
32,46.2,193.22,20.0,3.0,38,Desktop,Gold,2
18,40.3,163.29,11.9,15.4,21,Mobile,Basic,4
50,113.1,879.78,17.8,29.1,20,Desktop,Basic,0
25,62.2,147.99,27.6,27.7,17,Tablet,Silver,1
47,41.9,537.68,22.9,15.8,37,Mobile,Silver,0
18,41.4,306.43,17.3,6.6,11,Mobile,Basic,4
50,39.2,494.64,27.4,12.3,26,Desktop,Gold,2
49,77.4,322.43,,10.6,30,Mobile,Basic,2
29,46.8,211.09,34.7,27.9,30,Mobile,Platinum,1
22,100.8,402.28,29.8,10.5,26,Tablet,Basic,0
38,45.3,541.24,35.8,14.1,40,Tablet,Silver,0
18,123.4,674.32,22.7,5.1,27,Mobile,Basic,0
18,56.7,140.58,13.4,13.4,39,Desktop,Gold,3
27,86.5,314.85,15.5,17.4,60,Desktop,Silver,2
29,43.4,149.56,27.8,8.9,21,Mobile,Basic,4
36,43.4,167.62,24.8,18.4,20,Mobile,Basic,4
33,60.8,181.21,37.2,20.5,1,Mobile,Basic,1
44,106.6,380.96,20.4,12.9,25,Mobile,Basic,2
45,58.7,180.46,19.8,14.9,41,Tablet,Basic,3
36,113.6,392.51,20.5,18.6,60,Mobile,Silver,2
33,89.3,641.68,29.6,15.5,42,Desktop,Silver,0
29,62.8,268.64,29.4,17.7,31,Mobile,Basic,1
56,94.6,92.23,20.5,5.9,13,Mobile,Silver,0
19,48.7,69.99,18.5,10.3,27,Mobile,Silver,4
28,90.7,124.7,16.0,19.5,41,Desktop,Gold,1
33,71.3,233.71,32.6,19.8,33,Mobile,Silver,0
18,56.5,171.96,18.2,17.5,13,Desktop,Basic,1
33,49.8,298.3,20.1,20.6,20,Mobile,Silver,1
26,76.8,624.66,32.4,15.2,20,Desktop,Gold,0
29,59.1,139.15,26.2,14.6,38,Desktop,Gold,0
24,75.5,227.11,37.8,11.2,20,Mobile,Silver,1
37,45.6,174.96,38.5,19.4,13,Tablet,Basic,1
46,123.0,499.96,38.5,13.7,32,Desktop,Basic,2
18,42.8,231.94,11.3,13.1,1,Tablet,Basic,1
39,62.3,175.34,22.9,7.1,1,Desktop,Basic,3
21,52.1,178.58,33.4,18.6,18,Mobile,Silver,1
37,54.7,246.65,38.9,25.3,9,Tablet,Basic,1
36,58.8,134.06,32.8,5.4,26,Desktop,Basic,3
19,81.9,355.49,19.1,7.8,18,Mobile,Platinum,0
41,108.3,489.56,20.5,17.3,17,Mobile,Silver,0
44,67.3,477.31,16.7,17.2,15,Tablet,Silver,0
55,64.5,120.14,54.9,19.0,41,Mobile,Gold,2
23,53.0,225.66,42.6,21.6,10,Desktop,Gold,1
39,89.7,558.01,41.8,15.0,26,Desktop,Silver,2
35,77.8,458.08,14.4,17.8,32,Desktop,Gold,0
41,66.8,439.37,25.7,15.5,36,Desktop,Gold,0
57,76.6,50.0,34.9,12.3,14,Mobile,Basic,0
41,43.8,288.34,27.7,18.1,32,Mobile,Silver,0
26,59.3,428.55,9.5,18.7,5,Mobile,Silver,1
40,84.0,588.15,21.2,12.8,50,Tablet,Silver,0
35,38.0,143.31,20.4,20.3,33,Desktop,Platinum,0
54,35.2,200.79,13.2,10.6,28,Desktop,Gold,3
33,101.8,344.23,14.2,15.1,19,Desktop,Gold,0
27,36.0,91.97,19.7,20.7,32,Mobile,Gold,1
41,70.9,282.58,43.5,11.2,29,Desktop,Silver,2
43,53.6,337.39,31.3,7.6,37,Mobile,Basic,0
26,48.0,167.61,33.8,34.8,26,Mobile,Basic,1
27,67.0,104.17,29.6,12.4,1,Desktop,Basic,3
42,34.6,88.32,6.7,9.7,59,Desktop,Silver,3
44,95.5,746.11,28.0,14.1,36,Mobile,Gold,0
29,52.1,161.57,25.6,5.7,55,Mobile,Basic,3
21,103.6,304.21,21.5,25.2,26,Tablet,Silver,1
27,65.1,148.47,14.4,24.0,44,Desktop,Gold,0
30,50.6,285.65,28.8,18.7,29,Tablet,Silver,1
36,52.7,122.38,9.9,12.6,14,Mobile,Platinum,4
63,31.1,81.01,33.3,17.7,21,Desktop,Silver,1
20,63.9,514.31,31.2,26.0,35,Mobile,Silver,0
25,44.3,345.52,32.6,12.1,14,Mobile,Gold,1
41,82.7,693.96,26.9,13.1,13,Mobile,Gold,0
33,70.9,245.33,17.6,19.0,27,Tablet,Gold,0
36,99.9,468.51,13.3,23.2,28,Mobile,Silver,0
39,72.7,686.12,22.2,10.8,35,Desktop,Platinum,0
42,74.2,485.08,34.3,18.1,22,Mobile,Gold,0
56,40.9,355.94,24.7,14.3,36,Desktop,Basic,0
25,60.3,273.52,30.9,16.7,13,Mobile,Gold,1
38,93.9,360.26,18.0,18.1,24,Mobile,Gold,0
18,64.3,335.05,24.4,11.8,33,Desktop,Basic,0
42,52.9,118.79,23.6,7.6,48,Mobile,Basic,3
34,39.7,346.53,52.1,15.3,21,Mobile,Basic,1
21,43.8,169.87,37.3,26.0,18,Desktop,Silver,1
27,31.8,518.76,16.2,19.9,19,Desktop,Gold,0
23,63.7,438.65,37.3,11.7,17,Mobile,Gold,0
37,44.0,782.15,14.2,13.4,24,Mobile,Gold,0
55,90.1,512.56,17.1,17.9,15,Mobile,Gold,0
34,63.9,301.87,30.9,17.7,39,Desktop,Silver,0
60,66.0,734.27,22.9,8.1,20,Mobile,Basic,0
45,58.2,359.95,29.7,15.0,31,Tablet,Gold,0
31,79.6,310.89,35.3,11.8,38,Desktop,Basic,0
26,36.7,105.52,19.4,18.1,20,Mobile,Gold,1
26,46.1,522.01,36.1,21.3,33,Mobile,Gold,0
41,109.0,499.81,30.2,13.4,8,Mobile,Basic,0
33,89.7,288.13,41.8,17.4,15,Mobile,Basic,1
38,55.1,374.29,31.8,17.9,39,Desktop,Silver,1
31,89.2,589.2,26.7,3.2,24,Desktop,Gold,0
51,27.1,256.34,31.7,13.6,48,Tablet,Silver,2
32,37.2,54.42,34.3,21.0,12,Mobile,Basic,1
32,86.1,729.61,7.9,11.5,21,Mobile,Gold,0
69,52.0,115.2,18.6,8.7,43,Desktop,Basic,3
34,38.6,249.3,22.9,11.8,44,Desktop,Basic,3
18,59.6,381.15,29.7,16.1,22,Desktop,Basic,0
35,55.4,225.42,30.8,18.5,43,Mobile,Basic,0
35,80.2,313.12,38.7,16.1,33,Desktop,Silver,2
53,49.9,177.39,25.4,18.1,47,Mobile,Silver,2
48,52.3,526.39,20.1,23.1,15,Desktop,Platinum,0
38,35.6,119.56,23.2,16.2,10,Desktop,Basic,0
41,72.2,567.03,15.6,13.2,44,Tablet,Gold,0
60,29.8,359.64,46.6,18.1,27,Mobile,Basic,1
37,69.4,392.09,45.7,19.6,30,Desktop,Silver,1
37,83.9,513.53,12.2,9.4,25,Desktop,Silver,0
42,60.9,167.89,43.8,32.2,19,Tablet,Basic,1
52,,418.95,26.9,11.9,44,Desktop,Silver,2
34,51.4,688.8,20.3,7.8,32,Tablet,Gold,0
52,88.3,480.72,28.3,22.1,14,Mobile,Silver,0
30,,494.0,33.1,14.6,32,Mobile,Gold,2
35,52.9,133.88,22.2,9.6,23,Desktop,Silver,3
37,50.8,234.88,28.7,21.8,1,Mobile,Basic,1
34,50.7,427.81,15.2,15.5,33,Tablet,Silver,1
56,61.1,435.1,22.8,5.2,20,Desktop,Gold,0
41,67.5,351.59,35.2,12.5,28,Desktop,Gold,0
44,31.7,161.24,35.8,19.6,13,Mobile,Gold,1
36,90.6,393.73,37.5,11.1,32,Mobile,Gold,0
32,97.8,623.59,23.6,11.3,35,Mobile,Gold,0
23,79.5,544.4,22.6,18.4,15,Mobile,Gold,0
18,66.5,459.48,22.8,9.2,2,Desktop,Silver,0
48,98.8,327.61,15.8,17.5,32,Mobile,Gold,0
26,74.4,523.08,31.1,15.7,28,Tablet,Gold,0
38,76.3,409.74,25.7,17.4,27,Desktop,Gold,0
38,62.0,582.54,14.1,9.6,28,Mobile,Gold,0
34,40.9,95.67,26.6,12.1,28,Mobile,Basic,3
49,65.7,209.33,37.2,19.6,15,Mobile,Gold,1
28,57.2,230.05,36.7,31.2,10,Mobile,Silver,1
43,50.4,377.02,29.2,5.6,3,Desktop,Platinum,2
27,25.2,327.14,42.7,21.7,10,Mobile,Silver,1
46,76.6,184.78,22.6,17.3,20,Mobile,Silver,0
39,43.3,64.36,26.3,25.9,14,Mobile,Gold,1
36,52.7,273.17,27.4,18.2,23,Mobile,Silver,1
30,110.0,418.94,30.7,7.8,39,Tablet,Silver,2
25,78.2,386.42,18.9,18.7,6,Desktop,Gold,0
26,58.6,416.55,27.3,14.2,29,Mobile,Gold,0
18,91.5,702.5,28.1,9.6,23,Desktop,Silver,0
21,69.0,299.35,26.0,13.2,26,Mobile,Gold,0
40,54.1,181.15,52.4,22.9,16,Mobile,Silver,1
30,61.3,181.2,28.5,18.8,20,Desktop,Gold,1
37,50.8,309.23,20.6,13.6,37,Mobile,Basic,0
36,,236.83,17.2,13.0,13,Mobile,Basic,4
40,27.2,243.67,33.0,23.2,33,Desktop,Silver,1
28,101.6,572.62,17.7,16.5,23,Mobile,Platinum,0
32,102.4,435.19,31.6,13.9,44,Mobile,Basic,0
50,66.1,690.16,32.1,14.2,2,Mobile,Gold,0
35,77.0,625.08,37.7,11.6,34,Desktop,Gold,0
40,36.2,426.69,15.8,14.0,36,Desktop,Gold,0
38,49.0,71.87,26.2,13.9,12,Mobile,Basic,0
18,60.3,420.83,30.3,15.9,43,Desktop,Silver,0
35,88.9,384.52,33.6,16.5,16,Mobile,Silver,0
47,32.3,118.53,22.8,10.1,47,Desktop,Gold,3
37,80.9,510.49,10.4,13.5,6,Mobile,Gold,0
30,71.1,322.23,18.7,19.6,15,Tablet,Basic,1
18,61.2,422.47,24.1,7.6,38,Desktop,Basic,0
31,38.5,236.51,15.8,8.4,20,Mobile,Silver,4
44,64.6,210.36,36.9,25.3,43,Mobile,Silver,0
24,41.3,433.89,37.8,14.3,28,Mobile,Gold,0
44,71.9,189.51,14.5,14.8,12,Mobile,Basic,4
58,52.3,56.86,11.4,10.3,21,Tablet,Basic,3
55,95.3,221.22,24.9,15.0,37,Desktop,Basic,2
50,83.4,727.22,29.3,20.3,20,Tablet,Gold,0
51,89.6,437.52,36.0,4.0,7,Desktop,Platinum,0
39,56.2,337.09,21.9,23.4,28,Mobile,Silver,1
44,54.1,50.0,16.3,9.4,43,Desktop,Basic,3
32,51.8,304.89,26.1,17.4,1,Mobile,Basic,1
26,62.5,345.86,32.3,26.0,24,Mobile,Basic,1
38,86.5,659.68,34.5,12.3,23,Desktop,Gold,0
57,63.6,186.98,19.0,13.1,35,Desktop,Basic,2
41,52.0,615.75,22.0,21.3,18,Mobile,Basic,0
34,67.2,417.6,27.7,14.1,23,Tablet,Basic,0
18,82.8,436.62,37.9,10.3,2,Tablet,Platinum,0
39,61.2,179.16,14.7,29.2,32,Mobile,Silver,1
52,65.5,376.41,22.7,9.4,4,Mobile,Gold,0
46,38.1,487.09,32.1,7.7,13,Desktop,Platinum,0
47,64.6,218.27,42.0,27.2,21,Desktop,Basic,1
26,66.7,492.96,23.5,19.7,6,Desktop,Silver,0
26,43.7,103.19,30.2,19.7,25,Mobile,Gold,1
47,48.8,530.46,11.6,10.8,9,Mobile,Platinum,0
32,35.1,250.03,22.4,22.3,8,Tablet,Platinum,1
48,24.8,199.35,46.8,17.4,5,Mobile,Silver,1
27,53.1,865.26,23.0,5.4,42,Mobile,Gold,0
26,88.5,412.96,9.6,23.9,19,Desktop,Gold,0
25,95.7,352.28,10.1,12.9,29,Mobile,Basic,0
30,68.9,621.53,25.9,10.8,32,Mobile,Gold,0
31,52.7,201.61,23.4,9.3,18,Mobile,Basic,4
55,55.1,336.03,19.3,15.6,11,Desktop,Gold,0
52,26.1,479.37,36.4,15.3,36,Desktop,Silver,2
54,55.9,611.72,24.3,14.4,6,Mobile,Silver,0
26,35.2,235.11,25.9,20.6,2,Mobile,Basic,1
35,88.6,,33.5,17.6,25,Desktop,Silver,2
38,51.6,419.15,27.9,20.2,18,Mobile,Basic,1
49,63.0,283.11,28.4,22.0,25,Tablet,Basic,1
41,68.4,498.72,28.8,10.0,26,Desktop,Silver,0
42,90.0,390.74,27.5,22.1,41,Tablet,Silver,0
57,27.5,103.85,29.3,12.9,33,Desktop,Basic,3
37,72.3,244.78,18.8,3.7,48,Desktop,Basic,2
28,35.2,99.27,,9.1,18,Mobile,Platinum,4
27,109.9,604.07,31.5,14.4,42,Mobile,Basic,0
47,80.4,432.8,23.7,9.9,40,Mobile,Platinum,2
51,44.1,50.0,18.5,11.9,53,Mobile,Basic,3
23,66.5,391.59,35.8,14.8,13,Mobile,Basic,0
41,66.9,266.34,17.9,23.7,29,Tablet,Basic,0
46,59.5,387.98,30.5,13.2,32,Desktop,Platinum,2
20,44.0,82.1,50.3,25.2,10,Mobile,Silver,1
65,33.8,364.88,27.0,15.3,28,Desktop,Silver,2
25,76.6,665.13,11.1,11.0,17,Desktop,Platinum,0
40,81.3,327.44,31.7,9.5,33,Mobile,Gold,2
43,76.0,606.82,23.4,16.9,24,Tablet,Silver,0
40,50.0,665.05,10.1,11.6,23,Desktop,Gold,0
18,,130.97,25.3,16.4,43,Desktop,Gold,0
53,55.4,166.84,30.5,6.0,49,Desktop,Silver,2
26,59.8,300.93,29.5,17.4,22,Mobile,Silver,1
47,68.1,286.59,46.7,18.4,31,Mobile,Silver,1
53,94.8,431.85,30.8,13.0,34,Mobile,Silver,0
55,46.3,130.38,10.6,15.5,45,Mobile,Basic,3
33,66.9,604.44,40.9,19.8,50,Mobile,Silver,0
30,74.7,372.83,26.6,15.2,48,Desktop,Silver,2
43,65.6,,33.1,8.6,20,Mobile,Gold,0
43,63.6,661.29,24.0,18.4,33,Mobile,Silver,0
36,56.3,335.58,27.7,17.4,38,Mobile,Basic,1
29,68.3,402.43,18.6,17.9,41,Mobile,Platinum,0
51,67.3,221.76,32.7,20.6,24,Mobile,Basic,2
27,44.9,231.06,5.0,22.4,10,Mobile,Basic,1
24,68.2,669.97,13.7,7.3,27,Mobile,Gold,0
46,58.7,50.0,25.6,12.6,24,Mobile,Platinum,3
48,97.7,465.47,21.4,10.1,24,Mobile,Platinum,0
18,77.8,299.02,26.2,25.1,33,Mobile,Silver,1
19,57.5,126.4,24.5,8.5,2,Desktop,Basic,3
44,33.9,382.71,23.5,22.2,13,Mobile,Basic,1
37,92.8,265.95,19.6,15.9,53,Tablet,Platinum,0
27,80.6,220.22,19.3,9.1,18,Mobile,Basic,3
31,29.7,272.38,45.0,16.3,16,Mobile,Basic,1
38,76.3,417.48,22.7,17.5,24,Desktop,Platinum,0
46,88.5,478.93,37.1,17.1,40,Mobile,Gold,0
62,68.0,343.25,30.5,10.6,33,Desktop,Silver,2
31,48.1,187.51,32.7,21.1,22,Mobile,Silver,1
40,81.7,177.36,45.9,21.7,18,Mobile,Silver,1
55,38.4,81.01,26.9,4.4,7,Tablet,Basic,3
51,58.4,678.95,25.9,11.1,18,Tablet,Silver,2
47,45.2,413.1,28.6,17.9,24,Mobile,Gold,0
51,94.9,248.26,16.4,9.8,32,Mobile,Basic,0
40,73.7,488.83,16.5,18.0,17,Desktop,Basic,0
46,65.5,252.42,25.3,12.0,9,Desktop,Basic,2
22,98.1,640.44,15.0,21.8,22,Mobile,Gold,0
43,62.3,198.58,18.3,11.2,20,Desktop,Gold,1
43,39.5,261.33,38.4,10.1,32,Desktop,Basic,2
33,65.7,158.68,16.5,9.6,20,Mobile,Basic,3
37,81.5,472.28,22.6,19.7,25,Mobile,Gold,0
18,71.2,164.78,26.1,10.8,54,Tablet,Silver,2
39,78.3,575.55,27.9,12.7,37,Desktop,Basic,0
25,69.5,375.09,43.1,5.7,21,Tablet,Basic,2
43,81.7,477.05,17.4,12.0,39,Tablet,Silver,0
34,51.3,590.07,29.0,26.5,12,Mobile,Gold,0
47,86.5,80.62,26.2,9.7,19,Desktop,Gold,2
34,79.1,467.15,25.0,9.6,37,Desktop,Gold,0
27,65.8,423.58,12.7,6.6,17,Mobile,Gold,0
32,47.1,290.81,24.8,20.7,46,Desktop,Gold,2
32,38.1,206.11,40.0,9.8,11,Mobile,Basic,2
35,59.5,197.18,36.9,16.2,16,Mobile,Gold,1
25,65.7,194.23,26.2,23.3,39,Desktop,Gold,1
38,35.7,291.56,29.7,21.9,19,Mobile,Gold,1
36,50.4,402.01,36.1,16.6,24,Mobile,Gold,0
24,109.3,456.89,23.1,9.0,29,Mobile,Gold,0
34,68.3,488.4,16.0,21.3,35,Mobile,Basic,0
38,38.3,97.83,18.1,14.8,41,Desktop,Gold,3
19,54.3,377.05,17.4,23.8,41,Desktop,Silver,1
37,94.4,342.32,31.4,18.3,27,Mobile,Gold,0
30,56.7,177.04,32.3,9.7,28,Mobile,Silver,1
27,46.5,154.41,23.8,7.9,16,Mobile,Silver,3
36,77.5,496.81,31.9,8.7,1,Mobile,Basic,0
25,87.4,482.22,48.3,18.8,1,Mobile,Silver,1
30,78.4,366.78,32.3,14.7,8,Tablet,Silver,1
37,36.4,345.07,34.3,13.6,10,Mobile,Gold,1
51,85.0,377.01,24.9,15.3,15,Desktop,Silver,0
53,59.1,195.77,16.2,15.0,15,Desktop,Platinum,3
25,23.6,97.71,16.5,11.6,31,Mobile,Basic,3
28,23.0,181.91,22.3,28.6,20,Mobile,Silver,1
46,78.4,80.17,22.9,23.0,24,Mobile,Basic,1
31,51.7,179.86,14.6,13.0,17,Desktop,Basic,3
57,83.7,178.95,23.8,15.3,31,Desktop,Basic,2
28,110.9,681.73,29.8,21.8,25,Desktop,Gold,0
35,50.4,109.54,29.2,24.9,27,Mobile,Gold,1
38,45.3,82.32,25.0,18.2,15,Desktop,Silver,1
36,70.7,411.12,26.0,10.9,25,Tablet,Platinum,0
51,69.6,409.48,31.9,4.9,40,Mobile,Silver,2
23,56.5,108.87,8.2,11.4,8,Tablet,Silver,3
53,76.7,51.77,19.6,9.2,34,Mobile,Silver,3
27,34.9,378.79,34.6,25.5,15,Mobile,Silver,1
39,54.2,727.3,14.5,16.4,43,Desktop,Platinum,0
20,31.4,261.6,27.0,10.2,6,Mobile,Basic,4
44,100.2,437.51,30.7,10.4,21,Desktop,Gold,2
18,61.5,321.27,20.6,17.8,23,Desktop,Silver,0
30,78.0,86.43,20.6,9.2,30,Desktop,Silver,3
29,,245.16,16.6,12.1,5,Mobile,Basic,3
38,20.0,296.61,18.5,21.9,8,Tablet,Basic,1
22,50.1,174.77,25.2,12.8,1,Mobile,Silver,1
33,90.1,357.76,18.4,16.1,37,Mobile,Basic,0
18,67.1,455.13,18.2,12.7,7,Desktop,Gold,0
24,62.5,525.38,34.7,7.5,22,Mobile,Platinum,0
18,76.0,547.51,29.0,7.9,22,Desktop,Gold,2
41,82.1,350.83,23.4,14.6,31,Desktop,Gold,0
21,79.5,560.51,30.0,11.9,59,Mobile,Basic,0
22,53.3,485.04,41.9,10.8,21,Mobile,Platinum,0
28,65.2,307.25,40.3,27.7,21,Desktop,Gold,1
47,50.8,119.97,28.4,14.5,7,Mobile,Silver,3
32,83.1,550.42,24.1,5.4,12,Mobile,Gold,0
47,85.4,647.43,23.4,4.7,29,Desktop,Gold,0
36,66.9,280.73,20.6,15.8,12,Mobile,Gold,2
21,35.1,130.98,31.5,27.0,16,Mobile,Basic,1
52,62.1,378.22,29.1,23.1,18,Desktop,Silver,0
42,55.1,224.19,39.9,23.2,10,Mobile,Silver,1
42,69.8,384.64,24.7,15.2,35,Mobile,Basic,0
41,71.9,564.55,28.2,12.9,23,Tablet,Basic,0
30,64.1,243.3,26.1,31.8,27,Desktop,Basic,1
36,82.8,470.6,34.5,16.7,23,Desktop,Platinum,0
42,54.7,115.32,20.1,8.2,17,Mobile,Basic,3
26,71.5,465.47,22.8,3.2,43,Desktop,Gold,0
55,37.4,468.76,20.3,21.4,5,Tablet,Silver,1
30,67.8,289.9,24.8,16.6,26,Desktop,Basic,1
47,41.6,619.94,41.5,16.3,31,Mobile,Platinum,0
34,31.3,293.86,35.0,23.1,29,Desktop,Gold,1
27,64.3,734.33,23.8,16.0,23,Desktop,Silver,0
24,34.5,163.94,6.0,9.4,7,Mobile,Silver,4
44,103.0,567.18,23.3,15.7,6,Mobile,Silver,0
42,,524.97,9.1,13.2,25,Mobile,Gold,0
37,50.1,308.26,30.2,9.9,30,Desktop,Silver,0
22,45.3,226.45,14.6,12.6,20,Desktop,Silver,4
30,52.4,514.91,39.5,14.5,19,Mobile,Basic,1
18,47.6,461.16,35.8,5.1,30,Mobile,Gold,1
42,57.8,379.46,37.0,13.6,2,Mobile,Basic,0
44,63.3,505.79,28.1,10.3,46,Mobile,Silver,2
47,78.9,450.44,26.4,9.6,18,Mobile,Gold,0
59,53.3,162.75,20.1,13.2,34,Mobile,Gold,3
25,85.1,443.97,21.0,20.5,9,Desktop,Silver,0
38,74.0,487.65,26.4,7.4,20,Mobile,Gold,0
32,64.2,436.95,,17.4,26,Mobile,Gold,0
28,50.9,325.56,22.1,25.5,30,Mobile,Basic,1
26,102.4,237.01,46.8,12.4,8,Mobile,Basic,1
32,60.8,327.1,34.3,21.1,35,Desktop,Platinum,0
39,44.0,397.19,17.4,8.0,47,Desktop,Gold,2
45,50.6,146.23,36.1,23.4,19,Desktop,Silver,1
20,41.1,179.19,30.8,13.5,11,Tablet,Gold,1
28,69.8,226.89,25.7,21.2,26,Desktop,Gold,0
43,76.5,453.38,31.1,13.0,1,Mobile,Gold,0
20,55.0,270.49,15.9,21.0,28,Desktop,Silver,1
19,117.3,388.31,26.2,5.5,23,Mobile,Platinum,0
29,56.1,619.58,25.2,22.7,18,Desktop,Silver,0
18,31.8,174.87,11.8,4.5,54,Desktop,Basic,3
41,20.0,106.63,23.1,11.1,41,Mobile,Silver,3
31,89.3,346.6,13.7,8.5,6,Mobile,Gold,0
38,69.7,434.6,35.9,12.8,31,Mobile,Gold,0
60,29.1,408.91,36.6,17.1,34,Mobile,Silver,1
23,83.2,283.04,28.5,14.1,18,Mobile,Platinum,0
24,131.0,376.92,7.3,10.8,9,Desktop,Platinum,0
39,67.6,408.1,22.0,14.6,34,Mobile,Platinum,0
49,76.0,414.94,36.0,13.2,35,Mobile,Gold,2
22,33.7,298.29,11.5,22.8,17,Mobile,Gold,1
33,97.4,657.47,19.6,15.9,28,Mobile,Platinum,0
48,37.2,386.83,28.6,17.3,40,Desktop,Basic,0
47,69.3,644.98,19.3,19.7,46,Desktop,Gold,0
28,27.5,311.05,18.8,15.2,6,Mobile,Basic,1
38,63.0,610.39,23.3,11.1,27,Desktop,Platinum,0
55,81.7,,12.8,13.9,27,Mobile,Silver,0
34,97.0,536.42,20.0,14.7,12,Mobile,Basic,2
49,79.9,592.45,11.3,18.4,24,Desktop,Gold,0
33,44.2,357.97,29.4,14.8,9,Mobile,Basic,1
46,78.6,370.53,31.4,10.8,25,Tablet,Silver,0
19,58.0,204.26,22.9,21.1,18,Desktop,Silver,0
46,73.2,552.71,16.4,21.9,50,Desktop,Basic,0
52,20.0,277.43,33.5,10.3,49,Mobile,Gold,2
40,36.6,110.87,16.1,13.5,58,Desktop,Basic,3
42,31.6,356.01,34.7,18.0,33,Mobile,Silver,2
35,76.4,545.84,19.3,12.8,6,Tablet,Platinum,0
18,35.0,122.97,33.4,16.9,13,Mobile,Silver,1
50,55.0,388.14,13.4,19.9,26,Mobile,Basic,0
52,73.5,422.74,17.5,5.5,22,Desktop,Gold,0
18,33.1,90.96,20.0,9.6,26,Mobile,Silver,3
44,83.7,402.03,37.8,22.8,35,Desktop,Silver,0
43,115.1,635.62,37.6,19.4,40,Desktop,Gold,0
19,68.9,508.49,25.6,8.8,4,Mobile,Basic,0
28,91.2,687.05,32.3,20.3,23,Mobile,Silver,0
32,65.1,458.2,28.5,19.3,21,Mobile,Silver,0
33,77.0,223.22,35.1,21.7,18,Mobile,Gold,1
29,74.8,353.98,29.1,11.4,27,Tablet,Silver,0
33,44.9,124.8,21.4,10.0,52,Desktop,Basic,3
25,73.2,205.02,25.5,10.5,34,Mobile,Basic,2
49,80.7,365.84,23.0,23.2,21,Mobile,Silver,0
30,63.1,258.05,16.0,10.9,31,Tablet,Gold,0
31,70.9,640.51,35.4,13.6,16,Tablet,Gold,0
22,67.5,259.53,26.1,15.1,10,Mobile,Silver,1
45,64.3,427.55,14.3,14.9,20,Mobile,Platinum,0
31,81.5,297.77,22.1,15.7,24,Mobile,Gold,1
42,87.2,662.86,9.4,18.3,36,Tablet,Basic,0
18,39.1,194.92,22.7,17.1,20,Desktop,Silver,1
27,58.1,647.37,30.2,15.4,30,Tablet,Gold,0
35,85.5,399.59,27.2,7.4,16,Mobile,Basic,0
26,42.0,50.0,23.8,9.8,4,Desktop,Basic,3
38,49.7,340.3,31.1,6.3,38,Desktop,Basic,2
35,64.5,296.45,22.7,23.1,8,Tablet,Gold,0
65,46.1,121.77,12.4,7.7,21,Desktop,Basic,3
27,88.3,163.4,31.0,21.5,7,Tablet,Basic,1
50,44.0,50.0,24.6,6.6,13,Mobile,Gold,3
57,91.6,266.16,35.1,9.0,60,Desktop,Silver,2
43,81.3,349.42,23.8,4.2,27,Desktop,Platinum,0
18,49.7,337.79,27.3,16.4,22,Desktop,Basic,0
41,54.5,541.54,28.8,16.9,22,Desktop,Gold,0
20,59.5,355.25,24.1,26.5,22,Mobile,Silver,1
27,64.7,374.42,32.0,30.0,16,Desktop,Gold,1
34,90.6,360.8,21.6,8.4,27,Mobile,Basic,0
38,98.6,568.67,22.7,9.1,29,Desktop,Gold,0
59,60.3,289.34,21.4,11.8,29,Mobile,Platinum,2
27,38.7,275.33,18.5,11.3,9,Mobile,Basic,4
39,25.8,356.31,39.2,20.7,34,Mobile,Silver,1
39,79.9,359.51,29.6,6.7,36,Mobile,Silver,0
26,55.3,432.93,28.5,15.8,15,Mobile,Silver,0
33,96.5,449.36,31.9,22.3,17,Mobile,Basic,0
37,82.6,192.22,8.3,11.2,28,Desktop,Gold,3
43,60.1,324.06,19.6,12.1,34,Mobile,Silver,0
18,73.1,407.1,26.7,18.2,23,Mobile,Gold,1
28,42.6,282.73,25.6,11.7,26,Mobile,Silver,0
18,83.1,368.9,47.3,23.2,14,Mobile,Gold,1
35,54.2,50.0,46.0,22.9,21,Tablet,Silver,1
37,78.6,180.08,29.7,14.2,27,Mobile,Gold,2
25,79.7,551.78,10.0,17.6,17,Tablet,Silver,0
33,48.2,322.26,32.7,15.2,19,Tablet,Silver,0
39,73.5,613.94,32.8,17.1,25,Desktop,Platinum,0
56,63.5,69.09,12.4,7.9,42,Desktop,Basic,3
45,67.4,129.02,10.6,7.1,11,Mobile,Basic,3
18,81.5,147.47,43.5,27.1,27,Desktop,Basic,1
18,71.4,272.6,25.9,12.7,1,Desktop,Silver,1
27,52.0,345.56,48.1,28.0,8,Mobile,Silver,1
58,78.8,259.43,32.7,14.5,23,Desktop,Platinum,0
22,45.1,153.06,23.6,10.8,41,Tablet,Basic,3
31,78.6,50.0,21.4,18.8,19,Mobile,Silver,0
45,86.0,573.81,11.2,14.2,21,Mobile,Silver,0
28,70.3,88.71,47.8,22.9,18,Mobile,Silver,1
28,72.6,654.83,24.6,17.3,17,Desktop,Gold,0
45,73.4,551.32,29.6,17.5,37,Mobile,Platinum,0
53,56.6,230.0,25.6,11.7,5,Desktop,Platinum,2
44,20.0,857.22,37.0,13.7,24,Mobile,Basic,0
36,44.4,299.26,28.6,19.4,20,Mobile,Basic,1
37,77.6,417.63,34.1,13.2,27,Mobile,Gold,0
48,73.4,482.17,24.2,21.2,21,Mobile,Gold,0
26,88.6,404.3,30.0,3.0,24,Mobile,Silver,0
29,,442.8,14.1,16.6,40,Desktop,Gold,0
59,92.2,593.12,23.5,9.1,42,Desktop,Basic,2
42,90.5,733.39,25.1,17.1,12,Mobile,Basic,0
58,48.9,249.18,26.5,16.1,11,Mobile,Silver,1
23,90.1,353.57,39.3,27.1,36,Tablet,Gold,1
18,32.9,199.63,25.3,18.2,14,Mobile,Platinum,1
43,50.5,83.86,5.0,7.0,20,Mobile,Gold,3
42,40.1,286.2,17.8,11.5,14,Mobile,Silver,2
33,57.7,586.02,28.2,14.7,14,Tablet,Gold,0
39,88.8,471.4,37.8,17.3,35,Mobile,Basic,0
36,88.5,330.48,21.3,16.7,28,Desktop,Gold,0
18,37.5,302.96,22.8,40.0,23,Tablet,Basic,1
34,64.7,377.98,25.2,15.6,19,Desktop,Silver,0
49,59.5,145.87,35.4,29.3,32,Desktop,Silver,1
33,66.3,211.92,32.9,28.0,12,Desktop,Basic,1
26,76.9,416.0,30.2,12.7,45,Desktop,Silver,0
35,25.5,380.92,25.7,7.6,5,Desktop,Silver,2
41,76.1,521.83,24.8,7.9,7,Mobile,Basic,0
44,90.1,540.77,22.8,8.1,29,Desktop,Platinum,0
52,20.0,241.54,21.8,12.5,18,Mobile,Silver,2
30,42.1,216.1,19.2,22.3,24,Mobile,Basic,1
23,82.4,248.54,45.3,16.1,1,Desktop,Gold,1
35,62.2,444.81,20.9,13.5,34,Tablet,Gold,0
33,68.2,276.98,22.0,3.0,17,Tablet,Silver,0
42,72.6,66.63,27.5,5.3,12,Desktop,Silver,2
50,65.4,347.46,21.6,9.8,36,Desktop,Basic,2
27,69.9,376.11,13.3,16.5,9,Mobile,Silver,1
59,,737.59,31.6,11.3,19,Desktop,Platinum,0
25,27.8,608.78,28.6,18.0,19,Desktop,Basic,1
48,72.5,275.59,23.7,12.7,41,Mobile,Platinum,0
47,77.2,258.19,15.2,15.1,28,Mobile,Silver,0
31,49.6,50.0,12.3,8.1,45,Tablet,Basic,3
27,78.6,483.98,35.4,21.3,23,Tablet,Platinum,0
24,40.0,180.71,15.4,14.2,18,Desktop,Silver,4
54,77.5,614.92,22.2,20.9,37,Desktop,Platinum,0
28,47.1,443.99,37.3,13.5,33,Mobile,Platinum,0
48,20.0,157.72,20.8,15.1,21,Desktop,Gold,1
49,35.7,59.09,22.8,8.1,6,Desktop,Silver,3
65,69.1,431.37,40.3,9.4,47,Desktop,Gold,2
47,93.5,379.06,14.6,17.8,16,Desktop,Gold,2
46,75.4,323.01,35.1,22.5,1,Mobile,Silver,1
34,34.4,161.5,46.0,26.4,18,Mobile,Gold,1
52,50.1,479.19,25.7,10.3,30,Desktop,Basic,2
30,84.4,632.4,19.2,14.3,30,Desktop,Basic,0
39,74.5,219.4,20.6,18.2,8,Mobile,Silver,1
58,100.9,451.89,31.9,6.8,54,Mobile,Basic,0
23,46.6,51.53,20.9,7.6,16,Desktop,Gold,4
32,,79.78,21.6,6.2,18,Tablet,Gold,3
42,127.0,521.64,17.7,13.2,24,Mobile,Platinum,0
40,84.9,378.27,36.2,10.7,50,Mobile,Silver,2
73,22.6,83.06,15.6,17.5,53,Desktop,Silver,3
59,82.4,596.59,26.4,14.8,21,Tablet,Silver,0
36,54.4,430.95,5.0,23.1,25,Mobile,Basic,1
57,49.0,130.4,26.9,14.5,24,Desktop,Silver,3
18,61.2,669.88,33.7,17.6,19,Mobile,Basic,0
51,43.7,290.14,22.5,25.1,13,Desktop,Platinum,1
34,41.3,207.99,25.1,8.4,49,Mobile,Silver,0
40,44.5,64.79,13.3,7.0,24,Desktop,Silver,3
37,54.1,289.11,5.0,10.8,25,Desktop,Basic,4
62,43.0,94.84,12.9,8.1,11,Mobile,Silver,3
39,66.3,113.88,45.5,23.1,25,Desktop,Basic,1
57,48.5,220.1,20.3,13.4,32,Mobile,Silver,3
50,48.8,239.97,43.7,11.1,15,Mobile,Silver,2
49,61.1,529.39,35.8,12.5,30,Desktop,Silver,0
57,60.8,249.53,27.0,10.6,59,Mobile,Gold,2
23,77.7,447.25,24.1,14.5,23,Mobile,Silver,0
42,66.0,321.89,5.0,21.8,1,Desktop,Silver,1
26,69.8,360.1,34.9,15.5,45,Desktop,Platinum,0
36,91.4,189.35,25.7,14.6,33,Mobile,Silver,0
35,53.3,161.21,30.8,17.9,30,Mobile,Gold,0
18,53.7,245.25,21.6,19.5,12,Mobile,Silver,1
24,79.6,351.59,33.9,23.0,32,Desktop,Gold,0
25,98.1,554.84,28.2,17.3,22,Desktop,Silver,2
52,45.2,449.93,25.3,12.4,19,Mobile,Gold,0
21,79.3,611.0,32.0,11.0,9,Tablet,Silver,0
29,83.2,344.56,37.0,25.3,22,Tablet,Silver,1
38,33.9,443.99,39.1,7.5,42,Desktop,Gold,2
27,77.5,367.42,20.1,17.2,5,Desktop,Silver,0
32,61.2,467.52,31.0,23.6,8,Mobile,Gold,1
41,48.4,171.65,10.8,3.2,25,Desktop,Gold,3
47,62.9,223.62,6.7,18.6,28,Mobile,Basic,1
39,54.7,543.49,38.1,14.1,10,Mobile,Silver,0
38,84.0,701.35,23.4,17.0,14,Mobile,Silver,0
37,45.4,134.96,15.6,10.3,23,Mobile,Gold,3
32,76.6,456.08,31.1,14.4,20,Mobile,Silver,0
35,80.5,74.37,18.0,8.8,25,Desktop,Basic,3
18,73.7,343.26,17.6,6.4,8,Mobile,Silver,1
48,22.9,85.52,19.6,10.8,10,Tablet,Gold,3
43,49.2,206.51,30.3,15.1,43,Tablet,Basic,2
33,42.0,257.16,19.9,12.5,10,Mobile,Basic,4
59,81.0,358.32,18.3,12.5,50,Desktop,Silver,0
40,70.7,452.93,22.9,9.4,55,Desktop,Platinum,2
45,90.8,568.09,28.7,25.1,25,Mobile,Gold,0
22,33.4,407.41,5.0,17.6,1,Mobile,Basic,1
49,62.1,196.69,40.7,20.1,18,Mobile,Basic,1
28,50.7,123.89,30.8,11.2,1,Mobile,Silver,3
20,38.3,146.93,9.7,12.8,4,Mobile,Silver,4
28,58.7,50.0,25.3,14.6,41,Mobile,Basic,2
36,92.8,831.91,38.7,12.4,7,Desktop,Platinum,0
31,56.1,517.7,15.6,14.6,34,Mobile,Silver,0
60,23.7,307.39,27.6,12.1,33,Desktop,Platinum,2
31,66.8,358.27,31.3,11.8,34,Mobile,Gold,0
41,60.5,545.73,26.7,12.0,30,Desktop,Gold,0
45,84.8,280.86,44.6,8.0,35,Mobile,Gold,0
34,73.4,645.84,19.3,13.7,1,Mobile,Gold,0
38,73.0,435.3,31.5,23.4,27,Desktop,Platinum,0
45,65.7,611.31,33.9,20.4,16,Tablet,Silver,0
21,106.9,448.16,27.3,12.1,8,Desktop,Basic,0
42,78.2,502.01,22.3,17.5,42,Desktop,Gold,0
30,30.0,116.43,20.7,12.0,19,Mobile,Gold,4
52,89.5,638.83,25.8,11.0,23,Desktop,Silver,0
43,85.4,635.39,8.8,17.9,8,Mobile,Silver,0
40,59.1,414.51,24.0,24.3,20,Mobile,Silver,1
34,97.2,519.56,15.7,14.3,48,Mobile,Gold,0
47,61.5,97.19,23.5,9.0,38,Mobile,Silver,3
47,75.6,251.31,20.6,15.8,29,Mobile,Gold,2
44,62.8,429.66,31.3,20.9,18,Desktop,Gold,0
25,82.4,392.55,28.5,14.8,25,Desktop,Silver,0
23,33.4,138.37,31.2,8.9,38,Desktop,Silver,3
35,33.6,50.0,18.2,13.5,12,Mobile,Silver,3
33,67.7,214.05,31.7,17.5,25,Mobile,Platinum,1
51,66.9,210.96,29.1,19.5,19,Mobile,Silver,1
18,64.1,160.14,22.4,5.1,14,Desktop,Silver,0
28,51.6,191.64,9.6,14.1,30,Mobile,Gold,4
21,56.8,,33.6,16.3,34,Desktop,Gold,0
30,52.6,77.58,20.1,11.0,52,Tablet,Basic,3
18,63.7,428.12,37.6,25.0,24,Desktop,Basic,1
48,35.4,141.41,29.9,7.0,30,Mobile,Gold,1
28,53.7,285.2,31.3,23.3,16,Desktop,Gold,1
29,101.7,246.26,24.3,19.8,15,Desktop,Gold,0
26,73.6,426.52,20.6,26.5,15,Mobile,Platinum,0
45,67.1,287.0,25.8,18.2,35,Desktop,Gold,0
38,61.7,517.93,22.9,19.6,8,Desktop,Gold,0
23,49.4,456.09,38.6,6.9,41,Mobile,Gold,2
18,73.2,616.81,20.6,7.5,26,Desktop,Silver,0
26,59.5,146.85,26.4,14.2,10,Desktop,Gold,0
26,51.2,221.86,10.8,20.2,11,Desktop,Silver,4
38,59.1,132.29,10.1,9.0,19,Mobile,Basic,3
57,74.0,168.9,28.9,9.0,19,Mobile,Silver,3
22,55.7,218.17,17.5,17.2,18,Mobile,Basic,4
42,95.8,532.75,40.2,23.2,29,Mobile,Silver,0
31,90.1,724.0,28.3,20.8,21,Desktop,Gold,0
19,55.9,473.46,30.5,7.2,1,Tablet,Gold,2
28,53.7,191.61,31.4,23.0,25,Mobile,Silver,1
32,86.4,523.39,28.8,13.1,20,Mobile,Silver,0
36,81.9,230.34,35.7,12.8,29,Mobile,Silver,2
29,68.4,94.65,23.4,19.6,31,Desktop,Basic,0
29,78.0,681.02,32.7,17.6,18,Tablet,Gold,0
41,24.6,254.76,35.8,24.4,25,Tablet,Basic,1
36,51.5,333.8,20.5,14.9,19,Mobile,Silver,1
37,68.9,272.27,53.7,15.9,14,Mobile,Basic,1
32,46.9,368.02,24.2,21.1,50,Mobile,Platinum,0
60,38.4,85.21,18.9,15.4,26,Mobile,Basic,3
43,88.8,419.97,30.5,3.6,25,Mobile,Gold,0
27,37.7,688.48,19.2,16.2,31,Mobile,Gold,0
32,52.6,184.2,18.8,7.1,6,Tablet,Silver,3
18,58.4,174.35,14.4,9.1,16,Mobile,Basic,4
60,,50.0,22.3,7.7,25,Mobile,Gold,3
48,79.8,388.29,22.2,9.5,8,Desktop,Silver,2
22,33.5,311.99,28.9,18.8,32,Mobile,Gold,1
27,46.0,367.47,26.9,9.2,18,Mobile,Silver,1
25,71.8,488.73,22.7,13.5,29,Mobile,Basic,0
50,90.4,671.78,16.6,16.6,26,Mobile,Basic,0
39,102.5,416.88,21.8,17.7,3,Mobile,Basic,0
26,96.1,290.66,23.9,16.5,40,Tablet,Silver,0
54,67.7,208.36,15.1,12.4,22,Desktop,Gold,2
30,34.2,331.07,19.8,15.4,8,Desktop,Silver,1
35,66.1,221.16,29.4,11.1,25,Desktop,Platinum,0
31,91.8,426.41,24.5,17.4,49,Mobile,Platinum,0
32,45.6,185.0,24.5,15.4,25,Desktop,Silver,1
43,75.4,450.05,20.5,16.4,37,Mobile,Silver,0
51,54.9,63.99,14.9,7.4,18,Mobile,Basic,3
24,41.4,257.12,31.7,18.1,30,Mobile,Silver,1
38,65.9,236.53,15.0,20.0,18,Mobile,Silver,1
31,50.8,238.27,29.2,13.4,14,Mobile,Gold,1
23,54.6,210.88,30.4,13.3,5,Mobile,Gold,2
51,74.0,263.04,15.9,16.7,19,Desktop,Silver,0
24,56.1,421.98,32.7,10.4,23,Desktop,Silver,1
22,,426.74,22.0,20.1,26,Desktop,Gold,1
48,72.5,394.99,22.2,19.3,28,Desktop,Gold,0
18,54.7,130.93,31.7,5.4,50,Tablet,Silver,3
67,77.3,402.05,30.2,10.1,30,Tablet,Basic,2
23,54.2,50.0,34.3,19.3,15,Mobile,Platinum,1
43,28.5,216.46,19.3,9.6,14,Desktop,Silver,3
56,62.8,147.32,17.5,5.6,25,Tablet,Basic,3
49,100.5,505.67,23.9,4.8,51,Mobile,Gold,2
63,34.9,546.2,31.4,12.6,54,Desktop,Gold,2
38,66.1,239.99,29.4,14.6,15,Mobile,Basic,1
34,49.2,330.22,13.8,19.3,19,Mobile,Basic,1
18,61.4,344.76,34.9,26.2,20,Mobile,Gold,1
54,30.3,233.83,42.3,3.0,28,Desktop,Gold,2
31,77.6,397.03,25.2,11.6,37,Mobile,Gold,0
19,42.1,110.8,23.5,7.0,17,Desktop,Silver,3
31,30.0,284.21,25.5,9.2,40,Tablet,Basic,3
37,76.8,432.96,13.4,24.7,13,Tablet,Basic,0
27,60.3,225.01,27.5,14.8,45,Desktop,Gold,2
35,83.2,186.33,29.6,7.7,48,Mobile,Basic,0
27,62.4,791.11,32.5,7.3,42,Mobile,Gold,0
49,64.7,606.44,20.8,12.6,24,Desktop,Platinum,2
21,118.8,272.77,26.8,6.3,19,Mobile,Gold,0
53,59.1,500.81,40.3,9.7,31,Tablet,Gold,2
45,69.2,318.36,29.0,17.2,40,Desktop,Gold,2
30,60.7,171.48,42.7,3.3,17,Mobile,Silver,1
39,61.4,394.68,32.6,16.0,1,Mobile,Platinum,0
25,94.5,517.34,39.0,23.4,20,Desktop,Gold,0
20,43.6,54.33,46.1,29.6,8,Desktop,Basic,1
20,26.9,183.17,16.1,10.4,17,Mobile,Silver,4
49,49.5,297.04,37.3,23.3,12,Tablet,Silver,1
24,100.3,664.74,19.2,16.0,32,Desktop,Basic,0
34,28.6,325.92,19.0,25.6,11,Desktop,Silver,1
38,35.6,178.51,24.0,22.4,22,Mobile,Silver,1
49,61.0,630.44,28.3,19.3,12,Desktop,Silver,2
47,110.1,332.67,21.3,9.2,2,Desktop,Platinum,0
45,34.2,563.19,23.5,14.1,8,Desktop,Platinum,2
30,60.2,312.71,31.5,23.0,7,Desktop,Gold,1
30,48.9,98.14,10.1,3.1,22,Mobile,Silver,4
43,91.9,496.02,7.9,9.9,26,Mobile,Gold,0
36,55.2,,23.6,25.9,14,Mobile,Basic,1
35,64.9,117.89,18.7,6.3,39,Desktop,Basic,3
50,85.2,205.76,10.8,14.7,9,Desktop,Platinum,0
42,39.4,207.07,39.9,9.2,33,Mobile,Silver,3
22,35.5,166.44,34.1,16.9,1,Mobile,Platinum,1
48,82.5,228.2,7.2,11.4,16,Mobile,Platinum,0
46,48.5,594.79,30.8,4.9,40,Tablet,Gold,0
34,93.1,195.84,35.5,15.3,15,Desktop,Gold,2
42,44.5,767.66,15.2,20.1,12,Desktop,Silver,0
44,32.1,389.05,40.4,14.4,34,Mobile,Basic,1
40,57.9,489.57,26.9,14.1,34,Desktop,Basic,0
46,69.2,358.6,18.5,23.1,9,Mobile,Basic,1
22,73.6,314.36,31.3,19.1,1,Mobile,Silver,0
33,56.8,107.89,15.9,13.9,1,Mobile,Silver,3
27,41.7,323.43,10.6,12.0,19,Tablet,Basic,4
18,37.0,188.15,12.7,8.7,12,Mobile,Gold,4
59,43.0,187.25,45.3,9.4,10,Desktop,Silver,2
32,69.9,426.12,33.1,14.1,52,Desktop,Gold,0
55,64.2,273.69,31.0,14.0,21,Desktop,Silver,2
56,92.1,729.41,20.0,18.5,40,Mobile,Basic,0
52,55.5,248.83,37.2,21.0,29,Mobile,Silver,0
38,106.6,485.78,42.3,10.5,24,Mobile,Silver,0
30,62.5,332.42,51.7,22.8,30,Mobile,Gold,1
46,101.9,661.8,32.8,8.0,22,Desktop,Gold,2
40,63.3,280.7,23.6,22.4,37,Desktop,Gold,1
45,67.6,373.76,19.0,14.4,19,Mobile,Gold,0
27,113.9,382.29,26.2,17.3,10,Desktop,Gold,0
40,39.8,207.93,18.2,13.1,3,Mobile,Platinum,4
36,46.5,503.75,8.0,5.7,34,Mobile,Silver,0
47,60.9,367.21,28.3,36.1,12,Mobile,Gold,1
18,84.7,497.21,16.6,10.4,24,Mobile,Gold,0
59,54.1,176.87,36.5,11.9,48,Desktop,Platinum,2
30,63.7,238.65,21.5,23.7,17,Desktop,Silver,1
34,75.3,360.05,28.4,16.7,35,Mobile,Basic,0
43,80.0,314.07,35.5,6.5,33,Tablet,Gold,0
18,88.9,125.54,41.5,19.5,14,Tablet,Silver,1
21,40.3,344.96,12.9,16.5,48,Desktop,Silver,1
29,85.2,548.15,34.0,14.0,48,Desktop,Basic,0
30,34.5,177.13,19.0,10.3,35,Desktop,Basic,4
44,74.7,320.22,18.9,12.4,3,Mobile,Silver,0
48,87.4,567.9,29.7,15.8,42,Desktop,Basic,0
51,30.2,274.83,20.2,10.4,46,Desktop,Gold,3
36,44.9,366.53,29.1,17.2,39,Mobile,Silver,0
45,80.8,369.82,28.4,26.3,52,Mobile,Gold,1
36,48.8,362.06,30.0,7.0,26,Desktop,Gold,0
48,92.3,125.6,32.4,18.5,27,Mobile,Silver,0
19,23.8,199.77,13.2,22.5,14,Mobile,Silver,4
30,76.9,313.78,21.6,13.9,21,Mobile,Platinum,0
68,55.7,143.98,23.8,11.8,27,Desktop,Basic,3
47,97.5,413.94,31.1,14.0,24,Mobile,Basic,0
48,76.8,470.29,13.4,13.5,21,Desktop,Basic,0
31,76.6,468.23,17.4,13.0,25,Desktop,Gold,0
24,62.2,450.75,39.2,23.3,25,Mobile,Silver,1
41,96.4,287.75,13.0,15.8,25,Desktop,Platinum,0
32,62.4,50.0,16.3,8.5,5,Mobile,Silver,3
25,71.3,344.6,18.9,24.1,21,Mobile,Gold,1
47,52.8,188.7,12.9,9.0,8,Mobile,Gold,4
41,105.3,96.23,35.2,15.3,29,Mobile,Silver,0
47,85.8,170.17,28.9,9.4,20,Tablet,Gold,3
35,54.3,83.14,21.5,9.8,27,Desktop,Basic,2
47,73.0,348.06,22.8,4.1,21,Tablet,Gold,2
32,75.3,468.21,36.4,15.0,28,Mobile,Silver,2
25,86.8,327.29,16.8,8.7,17,Desktop,Silver,2
28,20.0,261.08,28.4,18.7,12,Tablet,Basic,1
37,76.3,446.28,28.3,12.9,18,Desktop,Platinum,0
49,86.2,574.04,34.8,17.6,35,Desktop,Silver,0
37,75.2,166.38,15.6,11.1,30,Mobile,Silver,3
36,50.9,308.24,22.8,16.5,30,Tablet,Gold,1
31,43.5,343.29,21.1,8.5,32,Desktop,Silver,2
57,63.3,205.34,34.2,23.4,28,Desktop,Silver,1
18,53.9,474.58,27.6,10.4,27,Mobile,Platinum,0
29,69.5,603.72,32.3,10.0,11,Mobile,Basic,0
24,73.7,314.74,34.1,12.4,30,Mobile,Silver,1
44,66.4,640.94,24.5,15.3,28,Desktop,Gold,0
42,56.7,471.54,18.5,19.1,26,Desktop,Basic,0
22,57.7,194.09,30.3,24.5,17,Desktop,Basic,1
42,52.9,489.1,35.5,17.9,25,Desktop,Platinum,0
41,20.0,124.65,40.0,11.0,22,Mobile,Silver,1
38,79.0,766.55,20.0,22.2,28,Desktop,Silver,0
52,65.8,384.62,22.6,8.7,41,Mobile,Basic,2
38,80.3,,35.3,15.6,22,Desktop,Platinum,0
41,64.7,351.78,43.5,25.3,16,Desktop,Silver,1
33,65.5,189.49,27.7,15.7,6,Mobile,Gold,0
62,63.6,384.72,18.0,21.4,20,Desktop,Silver,0
21,87.5,717.21,29.5,18.2,34,Desktop,Platinum,0
53,76.8,323.97,39.0,14.7,26,Mobile,Basic,1
18,62.2,215.61,41.1,22.3,29,Desktop,Basic,1
56,90.3,568.55,26.4,12.4,33,Mobile,Silver,0
18,42.3,344.2,35.1,20.3,20,Mobile,Silver,1
30,40.1,149.98,14.0,8.2,1,Mobile,Basic,3
46,44.1,363.59,26.7,18.7,37,Desktop,Silver,2
36,56.4,50.0,35.8,18.6,30,Desktop,Basic,0
24,58.7,187.94,45.2,10.6,30,Mobile,Silver,1
37,89.7,655.01,27.5,10.5,25,Desktop,Gold,0
44,90.9,554.92,34.3,12.7,8,Desktop,Platinum,0
29,38.2,115.6,13.7,21.9,16,Mobile,Silver,4
39,50.6,173.44,18.4,22.2,28,Mobile,Platinum,0
39,68.3,220.87,43.9,16.2,32,Desktop,Basic,1
37,22.8,205.2,12.2,27.0,18,Mobile,Silver,1
38,32.4,568.14,29.0,10.8,24,Desktop,Silver,2
47,46.5,282.21,9.6,12.1,24,Desktop,Silver,1
48,70.4,520.94,22.5,25.3,38,Desktop,Gold,0
49,86.6,683.79,7.5,17.3,18,Mobile,Silver,0
53,82.8,283.28,45.4,30.7,19,Mobile,Silver,1
33,92.3,396.93,25.7,22.0,24,Desktop,Silver,0
28,92.3,554.43,36.8,19.5,37,Desktop,Silver,0
55,61.2,719.96,20.6,10.7,28,Desktop,Gold,0
25,83.7,347.17,13.1,10.4,15,Desktop,Gold,0
20,82.0,273.5,,11.9,11,Mobile,Gold,0
43,63.3,402.61,7.2,19.7,34,Mobile,Gold,0
47,43.0,234.66,53.1,15.8,25,Desktop,Gold,1
35,61.8,307.19,29.5,29.1,5,Mobile,Platinum,1
58,83.1,440.79,38.1,11.6,2,Mobile,Silver,2
28,50.2,378.4,20.2,3.1,32,Desktop,Gold,0
33,73.9,386.85,25.7,14.8,14,Mobile,Gold,0
42,73.0,735.12,27.7,13.2,21,Mobile,Gold,0
23,22.9,187.7,30.9,21.8,1,Tablet,Silver,1
43,51.1,296.42,23.1,9.5,33,Desktop,Gold,2
32,74.0,346.9,33.8,3.1,18,Mobile,Basic,0
52,45.6,78.96,23.1,12.7,31,Desktop,Basic,3
31,89.9,672.49,5.0,15.6,3,Mobile,Gold,0
41,54.4,199.69,20.8,29.5,28,Mobile,Silver,1
49,59.1,312.68,18.6,12.3,18,Desktop,Platinum,2
44,75.1,118.11,,16.2,46,Desktop,Silver,3
48,36.0,414.86,30.5,12.1,45,Desktop,Silver,2
57,63.4,330.67,32.3,18.1,32,Desktop,Platinum,2
53,67.6,445.57,36.7,15.7,38,Mobile,Basic,0
64,50.1,330.33,30.3,8.0,24,Desktop,Platinum,2
48,105.8,321.59,25.9,18.4,42,Desktop,Platinum,0
50,60.1,73.61,21.3,14.4,25,Mobile,Basic,3
34,50.6,50.0,30.2,21.8,13,Mobile,Basic,1
55,108.4,529.72,15.9,15.4,20,Mobile,Basic,2
40,72.3,270.2,29.2,22.8,24,Mobile,Silver,1
32,35.8,274.91,27.7,19.7,10,Mobile,Silver,1
30,47.2,212.41,43.2,14.8,32,Mobile,Silver,1
46,56.2,50.0,15.0,15.1,60,Desktop,Gold,2
35,108.7,772.24,20.3,5.0,1,Mobile,Basic,0
48,74.1,477.49,10.7,11.2,20,Tablet,Platinum,0
37,67.0,294.4,18.7,21.0,27,Mobile,Gold,0
18,64.5,320.01,27.8,31.4,32,Desktop,Gold,0
31,55.2,209.03,32.8,8.3,32,Desktop,Basic,3
51,75.8,349.89,27.9,17.1,25,Mobile,Platinum,0
36,56.8,121.35,11.9,11.0,21,Mobile,Silver,4
38,68.4,582.07,27.7,13.4,27,Mobile,Gold,0
39,73.6,514.05,19.8,15.6,37,Mobile,Silver,0
28,39.2,427.39,15.3,10.8,39,Mobile,Gold,2
34,56.9,257.58,27.9,33.4,26,Mobile,Silver,1
31,31.0,199.04,49.0,16.9,37,Mobile,Silver,1
28,53.9,372.31,34.5,17.5,17,Tablet,Basic,1
41,44.9,234.56,37.3,4.7,54,Mobile,Silver,2
42,104.7,617.64,29.0,20.4,3,Mobile,Silver,0
38,43.4,267.63,21.2,8.6,10,Tablet,Silver,4
38,38.7,209.99,13.3,10.7,15,Mobile,Basic,4
35,39.8,198.93,20.6,19.5,27,Mobile,Gold,1
57,54.9,612.53,19.2,10.6,15,Tablet,Silver,0
40,38.0,181.03,20.8,19.3,16,Mobile,Basic,1
58,64.9,384.97,29.5,12.2,32,Desktop,Silver,0
38,62.6,361.7,20.9,21.9,9,Mobile,Basic,0
35,69.6,226.32,21.8,14.5,16,Desktop,Gold,0
31,59.1,63.89,25.8,26.0,14,Desktop,Platinum,1
29,84.2,210.95,23.3,13.4,1,Tablet,Basic,3
35,54.7,319.32,23.6,3.0,36,Mobile,Platinum,2
52,100.2,247.52,20.2,3.0,26,Mobile,Gold,2
56,69.9,472.05,14.1,16.4,1,Desktop,Gold,0
49,54.6,474.08,29.5,17.2,14,Mobile,Platinum,0
18,81.9,427.13,20.5,18.8,23,Mobile,Silver,0
19,76.7,257.82,19.1,11.3,13,Mobile,Gold,4
41,68.0,741.02,30.9,21.2,17,Mobile,Basic,0
56,45.3,125.5,31.4,6.9,31,Desktop,Silver,3
27,92.6,150.51,44.6,27.3,37,Mobile,Silver,1
50,37.5,209.03,21.1,16.0,43,Mobile,Silver,0
49,75.3,407.36,26.4,4.2,16,Desktop,Gold,2
28,75.1,166.99,27.7,20.8,14,Mobile,Gold,1
19,52.7,53.58,21.2,14.1,24,Desktop,Basic,3
28,58.9,112.6,32.0,13.5,26,Desktop,Basic,3
42,67.1,455.09,22.1,18.8,41,Desktop,Gold,0
44,86.0,279.11,38.6,24.0,21,Desktop,Silver,0
39,51.4,155.0,33.1,23.3,25,Mobile,Gold,1
55,51.0,96.75,18.7,4.8,25,Desktop,Gold,3
42,81.8,678.1,22.9,17.4,34,Desktop,Gold,0
19,70.3,466.57,26.8,25.0,30,Mobile,Gold,1
24,53.5,325.86,39.1,22.0,14,Desktop,Gold,1
50,46.6,326.42,36.5,6.5,1,Mobile,Gold,2
50,85.2,541.01,16.4,18.7,27,Desktop,Platinum,0
24,96.3,370.63,24.4,10.5,1,Desktop,Platinum,2
37,69.2,50.81,15.8,7.4,24,Tablet,Silver,3
32,57.5,702.9,44.3,15.7,15,Mobile,Basic,0
50,46.1,399.78,19.4,9.2,21,Desktop,Basic,0
28,40.5,170.36,16.6,15.2,14,Desktop,Gold,4
41,102.8,282.09,21.2,23.8,21,Mobile,Silver,0
42,20.0,186.7,15.0,11.0,25,Mobile,Basic,3
21,74.5,265.25,24.8,14.4,30,Mobile,Silver,1
40,80.8,267.61,23.0,11.6,2,Desktop,Basic,0
56,39.6,179.8,26.2,11.7,37,Desktop,Basic,3
35,81.0,352.64,17.6,17.4,27,Mobile,Basic,0
23,29.1,153.01,42.0,16.3,15,Mobile,Gold,1
50,52.6,340.95,18.8,23.1,48,Desktop,Gold,0
25,90.1,306.77,38.5,19.4,15,Mobile,Gold,1
50,80.1,322.75,20.3,15.5,16,Desktop,Silver,0
30,77.8,494.42,20.3,22.3,11,Desktop,Platinum,0
28,32.4,269.67,22.5,9.3,21,Mobile,Silver,4
26,97.8,496.41,20.5,10.7,18,Mobile,Silver,0
18,75.5,377.06,17.3,20.8,9,Mobile,Basic,1
31,115.1,383.95,18.5,11.2,37,Mobile,Silver,0
64,70.4,374.95,47.2,13.0,19,Mobile,Silver,2
48,86.5,618.66,34.7,12.9,13,Mobile,Gold,0
28,37.5,213.2,24.8,11.3,16,Desktop,Silver,4
24,20.0,327.09,39.9,22.7,12,Mobile,Basic,1
36,72.5,723.37,17.4,23.9,24,Mobile,Silver,0
45,67.7,228.78,23.7,10.7,30,Mobile,Gold,0
28,90.1,321.17,16.3,9.1,28,Mobile,Gold,0
32,82.5,182.59,10.5,22.7,17,Desktop,Basic,1
43,30.8,352.11,43.5,17.9,32,Desktop,Platinum,0
55,80.8,420.08,25.1,12.7,21,Mobile,Silver,2
27,69.4,308.44,21.0,14.2,29,Mobile,Gold,0
48,93.8,525.61,26.2,16.6,38,Desktop,Gold,0
32,65.0,414.35,23.8,18.1,18,Desktop,Gold,1
42,31.8,382.0,19.7,6.0,11,Desktop,Basic,2
38,102.2,455.83,26.7,20.9,5,Mobile,Platinum,0
41,65.3,327.31,26.1,23.2,34,Mobile,Silver,0
18,101.3,306.74,22.4,21.6,5,Mobile,Gold,0
30,59.6,256.06,32.0,9.4,1,Mobile,Silver,2
34,33.6,231.2,31.8,18.7,21,Mobile,Silver,1
31,20.0,304.73,27.0,14.1,21,Mobile,Gold,1
33,68.6,176.37,22.1,16.9,31,Desktop,Silver,2
47,84.0,139.71,32.0,17.3,58,Desktop,Platinum,2
36,64.1,66.68,51.0,16.5,9,Desktop,Silver,1
73,51.9,169.9,20.3,6.9,49,Desktop,Basic,3
48,87.3,724.35,42.9,14.1,14,Desktop,Silver,0
31,97.7,338.81,37.3,11.5,10,Mobile,Silver,0
41,74.0,544.16,22.7,11.7,17,Desktop,Gold,0
18,64.6,464.53,39.8,20.1,13,Desktop,Platinum,0
61,54.4,404.63,18.4,5.6,4,Desktop,Basic,1
18,81.7,130.73,13.5,11.4,31,Desktop,Silver,3
32,57.4,574.17,31.4,15.5,50,Mobile,Silver,0
39,61.5,524.33,18.3,13.0,47,Mobile,Silver,0
46,36.1,210.71,35.8,25.6,30,Desktop,Basic,1
33,40.9,180.16,16.2,10.8,30,Mobile,Basic,3
24,94.3,534.04,9.1,16.4,15,Mobile,Gold,0
28,61.5,285.43,37.6,10.9,35,Desktop,Silver,1
44,74.8,257.37,20.5,22.9,41,Mobile,Silver,0
33,69.2,412.53,29.2,19.4,36,Mobile,Gold,0
25,75.6,229.94,20.2,13.4,18,Mobile,Basic,4
28,63.4,203.81,8.1,13.7,9,Mobile,Basic,4
40,100.2,522.44,30.1,17.4,25,Mobile,Platinum,0
34,20.0,208.89,11.7,16.7,14,Mobile,Silver,4
44,66.3,335.69,21.9,15.4,20,Mobile,Basic,1
30,56.5,50.0,16.6,15.4,34,Desktop,Silver,3
18,40.3,239.88,38.6,25.3,9,Mobile,Gold,1
47,36.4,267.67,25.1,26.3,13,Tablet,Silver,1
39,71.0,301.11,25.8,17.9,18,Mobile,Gold,1
32,27.7,346.74,31.8,26.0,18,Mobile,Basic,1
33,89.9,139.46,25.3,17.6,16,Mobile,Gold,0
28,66.8,343.4,30.5,11.3,13,Desktop,Gold,0
18,59.7,486.37,27.6,7.5,38,Desktop,Gold,0
63,75.0,408.32,42.0,16.4,17,Mobile,Gold,2
40,84.5,242.48,24.0,16.3,19,Desktop,Gold,0
32,59.0,418.34,34.7,21.2,8,Desktop,Gold,1
38,48.6,,7.8,14.9,10,Tablet,Basic,4
39,77.3,424.97,24.2,10.7,24,Mobile,Basic,0
28,50.9,372.22,28.7,26.1,33,Desktop,Gold,1
38,92.3,463.4,32.9,18.1,20,Desktop,Platinum,0
38,42.9,128.3,27.0,12.7,33,Desktop,Silver,3
34,52.7,645.17,20.8,11.5,2,Mobile,Gold,0
23,65.6,352.19,23.5,19.2,9,Mobile,Silver,1
38,70.9,284.79,25.8,6.1,47,Desktop,Gold,2
59,37.6,102.08,6.7,19.4,26,Mobile,Silver,3
44,88.4,273.97,19.9,19.2,1,Tablet,Silver,1
32,49.9,332.76,36.0,10.0,19,Mobile,Silver,1
31,90.0,390.42,24.9,21.2,18,Mobile,Basic,1
36,51.7,82.58,11.1,9.9,52,Mobile,Silver,3
41,52.2,466.8,30.0,24.2,10,Desktop,Gold,1
34,65.0,354.3,27.3,18.1,22,Mobile,Platinum,0
41,47.0,120.9,38.9,10.9,37,Mobile,Gold,3
48,49.8,385.51,26.7,14.2,22,Mobile,Basic,1
18,49.3,136.83,58.2,10.1,18,Desktop,Gold,1
44,68.7,652.66,32.3,16.1,27,Mobile,Silver,0
47,78.6,191.59,28.5,19.1,18,Desktop,Silver,1
28,58.1,635.49,21.3,8.7,18,Mobile,Basic,0
28,83.0,372.48,41.5,24.9,27,Mobile,Basic,1
25,70.8,552.62,26.1,21.6,10,Mobile,Gold,0
33,68.3,258.55,35.5,14.2,1,Desktop,Silver,1
20,62.7,203.47,10.0,7.5,15,Mobile,Basic,4
18,58.1,479.07,24.9,12.5,26,Mobile,Platinum,0
36,52.7,190.3,23.6,8.2,13,Mobile,Basic,4
31,33.5,736.83,17.5,22.9,24,Mobile,Gold,0
43,59.8,153.23,25.4,8.9,21,Desktop,Basic,3
59,100.6,389.67,21.1,5.2,46,Desktop,Silver,2
29,53.7,283.58,31.4,5.5,18,Mobile,Silver,1
38,20.0,244.15,22.9,16.8,33,Mobile,Basic,2
45,67.7,115.19,25.3,12.1,10,Mobile,Silver,3
44,44.7,540.19,39.9,13.9,21,Mobile,Platinum,0
53,78.8,401.97,20.7,10.3,16,Mobile,Silver,0
24,92.8,176.99,31.5,23.6,24,Mobile,Silver,1
51,70.9,316.34,13.9,10.1,13,Desktop,Basic,2
50,104.2,280.14,35.0,13.2,49,Mobile,Gold,2
23,71.8,281.3,19.2,6.9,32,Mobile,Silver,2
50,66.8,538.54,24.2,8.6,33,Desktop,Basic,0
41,84.6,212.44,31.5,8.6,22,Desktop,Silver,2
41,59.7,281.3,21.0,18.6,1,Desktop,Silver,0
18,56.4,500.33,36.3,20.8,23,Desktop,Silver,1
31,35.8,391.3,17.3,13.6,21,Tablet,Platinum,0
47,88.9,489.49,25.0,9.7,1,Tablet,Gold,0
34,64.3,519.68,24.3,23.4,39,Desktop,Gold,0
22,88.3,506.45,29.9,17.5,29,Tablet,Basic,0
64,53.6,373.63,25.3,24.7,27,Tablet,Basic,1
39,108.4,317.36,21.1,16.1,35,Desktop,Gold,0
28,52.2,496.22,24.4,17.7,24,Mobile,Basic,0
35,68.9,419.53,21.8,19.3,26,Desktop,Platinum,0
58,78.2,367.37,46.4,17.1,36,Desktop,Gold,0
40,53.0,505.13,14.4,14.1,15,Desktop,Gold,0
40,80.7,358.98,22.9,19.6,37,Mobile,Silver,0
23,73.8,401.49,20.8,21.8,36,Desktop,Silver,1
44,38.6,261.0,30.3,20.6,27,Desktop,Gold,1
37,20.0,148.72,8.1,21.1,20,Mobile,Silver,1
40,67.9,154.49,15.3,20.0,36,Mobile,Gold,1
28,92.7,382.14,18.9,4.3,25,Desktop,Basic,0
18,52.5,50.0,27.6,11.6,24,Mobile,Silver,3
33,69.3,50.0,25.5,19.9,16,Mobile,Silver,1
25,20.5,431.03,27.5,17.4,17,Desktop,Gold,1
61,84.1,380.21,20.5,13.0,6,Tablet,Gold,0
29,58.9,677.39,13.6,4.7,10,Desktop,Silver,0
31,70.6,622.94,19.5,18.9,42,Desktop,Silver,0
33,93.5,214.28,11.8,13.0,13,Mobile,Basic,0
41,47.7,197.61,26.5,15.4,9,Tablet,Basic,1
18,56.3,223.13,39.7,11.3,13,Desktop,Gold,1
54,38.1,256.35,17.8,11.9,33,Mobile,Basic,1
47,67.9,129.48,31.2,16.6,47,Desktop,Basic,2
54,40.2,390.71,,4.8,13,Desktop,Gold,2
25,82.5,362.39,35.0,9.5,40,Mobile,Gold,2
28,40.2,332.13,17.3,8.3,9,Desktop,Silver,4
22,112.0,496.3,28.7,14.5,24,Desktop,Silver,0
35,90.3,384.92,26.6,11.0,39,Mobile,Basic,0
32,67.9,558.37,22.5,22.0,14,Mobile,Gold,0
37,54.7,264.49,41.9,16.1,24,Mobile,Basic,1
22,40.1,115.89,32.7,10.3,51,Mobile,Silver,3
50,83.7,353.59,28.8,13.5,1,Tablet,Silver,0
54,66.4,211.9,23.0,9.3,40,Desktop,Silver,3
35,71.7,342.67,29.3,7.3,33,Desktop,Gold,0
42,73.0,163.6,15.8,8.2,16,Mobile,Silver,3
46,101.5,318.15,23.5,15.1,35,Mobile,Gold,0
32,69.7,239.9,21.1,17.1,21,Desktop,Silver,0
35,57.0,170.21,32.6,19.0,1,Desktop,Basic,1
54,82.3,615.46,23.8,14.6,37,Tablet,Basic,0
52,101.0,290.05,24.5,16.4,21,Desktop,Gold,0
45,108.7,400.58,14.1,16.8,47,Mobile,Platinum,0
39,80.1,440.45,29.7,12.0,16,Desktop,Silver,2
27,74.8,269.69,24.8,14.7,25,Mobile,Silver,1
41,45.5,397.25,40.6,20.6,6,Tablet,Silver,0
23,20.0,289.88,22.1,15.3,14,Mobile,Basic,1
34,60.2,121.53,30.8,3.0,26,Mobile,Gold,2
42,98.1,50.0,23.8,3.0,23,Mobile,Silver,0
54,80.7,322.65,36.7,6.0,9,Desktop,Silver,0
38,88.2,495.15,29.6,15.4,27,Tablet,Basic,0
36,62.8,443.01,27.2,15.6,6,Desktop,Silver,0
28,65.5,170.79,15.3,14.9,16,Desktop,Silver,1
37,112.0,510.66,5.7,20.3,6,Mobile,Gold,0
58,80.9,205.82,28.7,21.5,27,Mobile,Silver,1
36,64.9,510.48,31.9,8.9,40,Desktop,Silver,2
60,67.8,570.24,19.0,14.4,24,Desktop,Silver,0
28,65.6,86.99,34.3,26.9,13,Mobile,Silver,1
35,89.5,751.64,22.0,10.7,10,Tablet,Gold,0
24,57.3,237.23,18.3,8.4,11,Mobile,Basic,4
32,58.4,330.43,33.9,19.3,18,Mobile,Basic,1
27,52.2,356.56,21.4,15.4,20,Mobile,Gold,2
35,57.1,354.63,,24.2,1,Desktop,Silver,1
30,79.7,316.38,9.4,11.3,18,Mobile,Silver,0
23,54.8,202.98,35.4,24.1,42,Tablet,Gold,1
37,50.9,150.38,19.8,13.3,11,Mobile,Silver,4
29,65.0,251.24,27.9,19.2,10,Mobile,Gold,1
49,74.1,226.68,28.7,8.4,51,Mobile,Gold,2
23,40.2,58.79,10.5,14.8,36,Mobile,Silver,3
44,58.5,569.05,18.0,11.8,33,Desktop,Gold,0
25,66.1,473.53,18.2,21.9,1,Mobile,Basic,0
18,29.9,342.53,30.3,29.4,33,Mobile,Platinum,1
39,81.3,459.89,5.0,8.0,25,Desktop,Platinum,0
33,85.6,542.72,36.4,16.0,22,Desktop,Gold,2
48,55.5,113.93,14.0,9.8,42,Desktop,Basic,3
42,69.0,658.32,22.2,22.5,29,Mobile,Silver,0
34,70.9,261.26,23.3,11.0,31,Mobile,Gold,0
67,,223.25,34.8,10.2,29,Mobile,Silver,2
42,69.3,234.5,29.4,9.0,10,Mobile,Gold,0
18,78.7,310.5,26.0,10.7,33,Desktop,Silver,2
20,83.9,546.32,18.9,9.9,36,Mobile,Platinum,0
20,44.1,368.73,30.3,9.2,35,Desktop,Platinum,1
30,66.9,488.37,30.0,24.8,4,Desktop,Gold,0
30,69.2,373.43,16.2,30.5,2,Mobile,Basic,1
55,49.5,276.81,44.3,18.2,6,Desktop,Silver,1
33,89.8,353.79,23.6,20.3,9,Mobile,Basic,1
28,150.0,602.79,31.9,11.9,43,Desktop,Gold,0
69,32.5,205.72,19.0,8.2,35,Desktop,Gold,2
31,81.1,215.23,20.0,15.9,49,Mobile,Basic,3
33,62.1,480.98,25.7,15.3,30,Desktop,Basic,0
31,79.0,593.61,15.2,13.6,23,Desktop,Silver,0
28,63.9,343.51,33.7,12.5,30,Mobile,Gold,0
45,85.1,382.72,29.8,23.9,5,Mobile,Basic,1
59,40.4,197.25,19.6,23.4,19,Desktop,Gold,1
18,40.5,416.53,28.0,27.1,17,Tablet,Basic,1
25,68.9,304.79,20.5,16.0,30,Tablet,Platinum,0
19,74.7,362.01,19.8,15.7,17,Desktop,Gold,0
46,46.1,183.75,30.8,19.1,12,Mobile,Basic,1
27,67.4,346.51,41.0,12.4,22,Mobile,Basic,1
22,33.4,,24.4,10.5,28,Desktop,Platinum,4
40,67.1,624.01,28.6,10.3,46,Mobile,Basic,0
35,55.3,194.45,41.8,23.1,24,Mobile,Basic,1
30,91.7,586.77,19.6,7.9,31,Desktop,Silver,0
31,99.4,391.07,33.9,12.4,36,Mobile,Gold,0
49,125.5,358.66,28.6,15.2,31,Mobile,Basic,2
18,75.4,79.71,25.8,27.2,14,Mobile,Platinum,1
22,58.6,131.91,10.7,13.1,14,Mobile,Basic,4
40,67.8,406.3,28.8,21.0,21,Desktop,Gold,0
44,75.8,313.15,21.3,16.7,46,Desktop,Basic,0
39,82.7,307.35,29.0,18.1,41,Desktop,Basic,2
47,57.6,165.12,21.8,24.2,28,Mobile,Platinum,1
35,124.5,573.62,23.1,10.9,12,Mobile,Gold,0
52,104.3,544.96,15.6,11.6,39,Desktop,Silver,0
40,76.0,344.58,24.2,15.9,36,Mobile,Basic,0
41,59.9,74.58,10.8,12.0,7,Tablet,Gold,3
48,71.9,217.87,21.2,16.9,18,Tablet,Gold,0
33,56.3,405.15,36.3,23.4,1,Desktop,Platinum,0
44,64.0,184.76,29.7,10.3,7,Desktop,Silver,0
36,90.6,550.36,21.6,14.6,18,Mobile,Silver,0
39,96.5,327.51,35.3,15.6,27,Mobile,Silver,0
34,69.2,212.86,46.7,24.4,9,Mobile,Silver,1
23,85.6,401.59,30.7,21.3,19,Desktop,Gold,0
46,82.3,273.24,28.2,11.3,42,Desktop,Gold,2
50,105.6,577.03,20.9,11.9,14,Mobile,Gold,0
40,35.5,362.35,30.2,28.0,29,Mobile,Silver,1
42,32.6,67.37,5.4,6.7,29,Mobile,Basic,3
38,49.5,167.82,29.5,14.6,15,Mobile,Basic,1
48,50.1,457.1,44.3,16.5,7,Desktop,Basic,1
34,98.1,376.47,32.3,21.0,15,Desktop,Silver,0
37,61.3,397.17,24.4,7.2,33,Mobile,Silver,0
32,41.7,448.88,24.1,13.4,23,Mobile,Basic,1
32,35.5,83.42,28.4,14.3,13,Tablet,Silver,4
44,41.4,316.61,24.9,18.9,20,Tablet,Platinum,1
32,68.2,328.71,14.9,11.9,14,Mobile,Silver,1
42,53.2,277.97,29.6,17.6,37,Desktop,Basic,2
22,104.6,287.86,24.2,28.5,13,Mobile,Silver,1
49,79.0,643.66,40.2,9.3,39,Mobile,Silver,0
22,64.1,283.3,28.3,20.9,24,Desktop,Silver,1
43,47.7,158.31,21.7,7.4,10,Mobile,Gold,4
23,45.2,457.31,34.1,20.6,25,Mobile,Gold,0
30,20.0,235.26,38.5,29.4,10,Mobile,Basic,1
40,95.9,451.68,6.7,16.2,33,Mobile,Basic,0
18,20.0,382.7,30.0,29.6,27,Mobile,Basic,1
41,94.3,,33.8,13.5,12,Tablet,Silver,0
18,30.9,324.74,25.9,19.0,14,Mobile,Silver,1
65,92.8,189.14,23.2,15.4,39,Mobile,Silver,2
28,64.7,491.55,38.6,11.6,12,Tablet,Gold,0
31,73.6,135.31,44.5,19.0,11,Mobile,Basic,1
43,68.8,232.89,25.1,10.1,28,Mobile,Silver,2
75,29.5,129.07,7.6,4.0,29,Desktop,Silver,3
39,72.0,307.56,37.0,19.6,9,Tablet,Gold,0
32,90.4,574.76,23.5,13.6,42,Desktop,Platinum,0
19,81.9,554.71,5.0,16.3,19,Mobile,Silver,0
27,64.7,164.29,23.8,8.8,21,Tablet,Silver,4
40,59.6,50.0,10.1,11.3,1,Desktop,Basic,3
22,42.6,307.16,40.1,14.2,12,Mobile,Silver,1
47,85.6,482.16,20.2,7.0,30,Desktop,Platinum,2
35,75.6,206.09,27.8,29.8,16,Mobile,Basic,1
21,61.4,190.41,32.7,15.6,1,Desktop,Gold,1
40,61.5,333.07,28.2,22.6,24,Mobile,Platinum,0
25,86.3,468.09,34.4,11.3,39,Desktop,Gold,2
45,76.3,253.76,26.2,16.3,33,Mobile,Gold,0
72,26.3,404.51,20.8,4.4,27,Desktop,Basic,2
45,89.6,154.01,36.2,12.4,45,Tablet,Gold,2
39,35.7,191.73,16.4,13.9,52,Mobile,Gold,2
29,87.6,221.48,26.4,18.3,7,Mobile,Platinum,0
33,89.3,50.0,35.7,16.8,33,Mobile,Silver,0
40,73.3,454.82,33.7,18.8,47,Mobile,Gold,0
33,83.3,602.38,13.3,15.0,43,Desktop,Basic,0
33,93.6,523.97,32.6,11.0,14,Desktop,Basic,0
40,27.0,106.51,21.8,15.4,34,Tablet,Gold,3
40,76.0,183.53,28.3,34.6,17,Desktop,Gold,1
20,81.2,472.01,27.6,11.2,11,Tablet,Platinum,0
30,73.0,627.75,39.5,22.0,34,Mobile,Basic,0
25,66.8,481.49,19.9,17.9,33,Desktop,Gold,0
21,71.8,210.44,20.6,23.2,30,Mobile,Platinum,1
36,57.5,167.4,17.6,19.5,19,Tablet,Silver,1
37,58.4,112.77,32.8,10.2,60,Tablet,Silver,3
36,51.2,190.06,15.6,14.1,9,Tablet,Gold,1
31,41.7,214.95,25.7,11.6,32,Mobile,Basic,4
22,47.7,93.03,26.6,3.3,8,Desktop,Basic,3
37,48.0,270.43,38.4,11.9,13,Desktop,Gold,0
59,35.7,50.0,20.9,11.0,33,Mobile,Silver,3
44,53.1,578.36,21.2,10.9,17,Desktop,Silver,0
35,82.3,433.21,43.2,13.5,38,Desktop,Gold,2
20,79.0,236.6,44.6,22.3,50,Tablet,Gold,0
33,63.2,59.22,5.0,7.6,8,Desktop,Silver,3
19,69.4,167.57,9.0,8.8,20,Mobile,Basic,3
55,38.0,337.15,21.8,13.9,27,Mobile,Basic,2
71,55.8,214.67,33.3,11.4,9,Tablet,Basic,2
57,68.0,393.32,26.3,23.7,4,Mobile,Basic,0
38,116.7,469.31,15.1,11.9,26,Mobile,Basic,0
48,68.2,574.0,13.5,7.8,18,Desktop,Gold,0
38,80.6,616.38,20.1,18.4,14,Tablet,Basic,0
56,40.6,191.76,35.5,20.5,21,Mobile,Basic,1
37,53.2,692.0,32.1,21.8,18,Tablet,Silver,0
31,50.4,290.24,25.0,12.8,3,Mobile,Silver,4
25,62.3,128.89,40.6,11.2,16,Desktop,Silver,1
46,79.0,346.34,27.7,12.3,27,Desktop,Silver,2
37,70.0,426.63,22.4,10.7,18,Desktop,Basic,0
46,47.3,68.52,10.2,17.8,12,Desktop,Basic,3
45,57.8,97.86,21.7,10.2,24,Tablet,Silver,3
32,54.7,386.82,39.6,29.5,1,Desktop,Gold,1
21,59.5,385.11,21.7,22.7,27,Mobile,Platinum,1
31,61.9,389.13,20.8,8.5,28,Desktop,Gold,2
26,88.0,324.61,12.1,13.2,37,Mobile,Silver,0
40,55.0,238.33,26.1,20.7,7,Mobile,Basic,1
21,58.2,511.58,25.1,13.5,13,Tablet,Platinum,0
51,58.2,487.74,21.1,15.2,29,Mobile,Basic,0
47,110.2,430.5,25.3,26.1,38,Mobile,Silver,0
45,54.8,613.16,27.7,17.6,21,Desktop,Silver,0
33,66.8,437.98,26.5,9.8,17,Desktop,Silver,0
26,39.9,154.94,13.2,21.8,24,Desktop,Gold,0
28,,283.56,18.9,17.6,20,Mobile,Basic,4
23,76.9,239.49,22.0,21.9,17,Desktop,Silver,1
35,48.3,87.33,15.0,14.8,6,Mobile,Silver,4
35,61.7,524.51,15.7,25.8,40,Mobile,Gold,0
37,99.2,538.97,17.0,11.7,19,Desktop,Silver,0
18,66.8,150.77,20.4,7.9,13,Mobile,Gold,1
23,95.3,634.7,25.8,25.2,34,Mobile,Gold,0
41,79.3,527.97,19.5,15.6,14,Desktop,Silver,0
18,56.9,313.3,33.3,18.3,21,Mobile,Basic,1
40,89.7,710.02,26.9,15.3,13,Mobile,Platinum,0
37,67.0,260.77,35.4,18.2,25,Desktop,Gold,1
33,36.3,218.81,36.0,34.7,15,Mobile,Gold,1
25,61.5,137.63,35.8,3.8,21,Mobile,Silver,0
49,79.0,305.19,20.3,11.2,23,Desktop,Gold,0
20,64.2,308.98,36.5,13.4,39,Mobile,Gold,2
36,38.2,401.13,38.0,25.5,31,Desktop,Silver,1
39,70.6,449.01,24.8,12.4,44,Mobile,Basic,0
30,49.1,231.06,35.9,7.5,8,Mobile,Basic,4
21,70.3,486.83,21.3,12.3,26,Desktop,Basic,0
45,67.2,368.1,40.9,21.7,16,Mobile,Gold,1
22,43.3,158.11,22.4,13.4,21,Mobile,Basic,4
31,53.0,384.12,44.9,13.1,20,Mobile,Platinum,0
33,72.0,332.78,26.1,20.4,28,Mobile,Gold,0
24,68.1,367.27,25.4,21.7,22,Desktop,Silver,0
44,86.5,743.72,28.9,5.1,34,Desktop,Silver,0
18,65.7,395.43,18.8,13.3,36,Desktop,Basic,0
20,51.6,312.38,20.0,12.1,23,Mobile,Gold,1
30,78.1,458.32,26.9,3.0,11,Desktop,Basic,0
34,,305.76,17.0,28.7,31,Mobile,Basic,1
23,49.7,284.26,30.8,15.0,17,Desktop,Platinum,4
41,69.0,526.77,27.6,8.5,6,Desktop,Platinum,2
24,73.5,237.82,28.7,19.9,14,Mobile,Basic,1
37,98.0,278.63,28.9,15.9,26,Desktop,Platinum,0
38,67.9,229.56,33.0,18.5,17,Mobile,Basic,1
28,63.5,288.16,33.9,19.9,2,Mobile,Platinum,1
35,76.3,486.39,20.3,9.0,31,Desktop,Basic,0
32,74.9,382.61,17.3,17.4,17,Mobile,Gold,0
42,56.2,90.66,11.6,17.3,21,Desktop,Silver,3
43,69.0,439.93,18.3,19.4,31,Desktop,Basic,0
30,54.2,251.81,32.9,15.6,27,Mobile,Silver,0
45,75.8,586.09,21.9,13.8,33,Desktop,Gold,0
32,87.3,616.36,24.2,12.4,40,Desktop,Basic,0
36,78.8,342.41,11.4,16.5,1,Desktop,Silver,2
52,51.0,369.22,5.2,14.8,34,Desktop,Basic,2
51,64.4,106.37,47.8,16.8,11,Mobile,Basic,2
46,31.8,375.15,10.9,13.6,18,Mobile,Gold,0
27,87.4,518.2,29.4,14.1,17,Tablet,Silver,0
18,62.1,310.91,30.6,19.1,1,Mobile,Platinum,1
31,110.8,451.94,22.5,15.1,28,Mobile,Basic,0
42,70.4,513.74,38.4,20.0,52,Desktop,Silver,0
35,72.8,445.22,23.4,12.4,44,Mobile,Platinum,2
28,108.4,242.31,40.5,20.0,23,Mobile,Basic,0
27,45.9,266.42,29.5,27.5,38,Mobile,Silver,1
30,71.3,295.48,15.6,25.5,28,Desktop,Silver,0
23,53.1,329.54,38.2,13.7,1,Mobile,Gold,0
18,68.7,528.15,28.2,24.0,14,Mobile,Gold,0
18,58.6,237.06,19.7,13.7,10,Mobile,Basic,4
60,100.4,453.41,28.3,13.1,30,Desktop,Basic,2
18,46.5,330.89,22.9,8.3,14,Mobile,Basic,4
44,66.8,528.41,41.9,21.2,25,Mobile,Silver,1
48,95.2,413.84,27.2,21.2,34,Mobile,Basic,0
18,59.4,263.24,41.1,26.2,31,Mobile,Basic,1
45,44.4,127.86,35.3,16.7,36,Desktop,Gold,1
40,100.0,396.61,24.3,8.8,29,Desktop,Silver,2
18,72.2,541.52,27.7,11.4,32,Mobile,Basic,0
40,63.3,212.5,42.0,20.5,25,Mobile,Silver,1
46,78.9,569.09,26.7,9.0,28,Tablet,Gold,0
34,59.8,548.48,14.5,22.3,21,Tablet,Gold,0
53,34.0,457.13,30.7,9.5,19,Tablet,Basic,2
28,31.6,452.23,44.9,22.7,16,Tablet,Silver,1
53,63.6,282.36,37.4,6.1,12,Mobile,Silver,0
46,92.1,363.78,35.2,22.2,23,Desktop,Silver,0
41,59.6,416.35,33.0,17.0,19,Mobile,Silver,1
41,95.4,283.46,41.9,17.7,29,Mobile,Basic,2
75,78.1,126.27,15.7,10.4,31,Desktop,Basic,3
39,26.4,266.13,26.2,9.8,29,Desktop,Basic,4
41,58.2,269.75,34.3,15.4,29,Desktop,Basic,2
39,70.7,730.08,12.5,3.9,15,Mobile,Gold,0
20,72.1,326.25,33.8,24.7,14,Mobile,Basic,1
31,91.2,248.27,7.9,12.8,35,Desktop,Gold,0
18,81.3,548.08,14.2,19.3,23,Mobile,Gold,0
63,56.3,139.77,23.3,13.1,46,Desktop,Gold,2
25,97.6,508.69,19.8,13.9,15,Mobile,Gold,0
25,57.2,151.44,18.7,14.1,24,Tablet,Platinum,3
28,66.9,266.76,30.8,4.9,18,Desktop,Basic,1
18,33.0,146.47,19.6,16.7,13,Mobile,Gold,1
18,56.5,311.83,26.7,19.6,20,Mobile,Silver,1
36,72.6,190.83,26.0,11.6,51,Desktop,Silver,3
20,50.1,589.67,14.3,17.2,4,Mobile,Silver,1
31,20.0,341.76,42.2,17.7,17,Desktop,Basic,1
35,90.4,634.96,18.5,13.5,35,Mobile,Silver,0
35,63.9,207.77,24.2,15.4,9,Mobile,Silver,1
32,56.9,231.71,32.0,12.4,26,Mobile,Silver,0
55,121.9,93.09,26.2,13.6,21,Desktop,Platinum,2
42,39.4,295.38,24.8,27.3,11,Desktop,Silver,1
20,56.2,97.75,19.1,22.3,8,Desktop,Gold,1
30,84.9,363.12,31.6,16.1,29,Desktop,Basic,0
47,81.4,680.83,32.3,12.4,40,Mobile,Gold,0
49,89.5,409.16,44.4,16.3,38,Desktop,Basic,2
36,88.9,545.6,26.4,15.6,33,Mobile,Platinum,0
26,108.9,142.92,36.6,14.8,36,Desktop,Gold,0
41,91.2,400.68,33.3,9.6,24,Mobile,Basic,0
35,59.9,236.86,15.6,15.6,10,Mobile,Silver,4
25,38.7,355.67,29.3,19.9,14,Mobile,Silver,2
30,108.7,279.55,29.7,17.0,24,Mobile,Gold,0
52,113.5,457.07,44.4,13.0,29,Mobile,Gold,0
21,42.8,759.12,20.8,14.1,11,Mobile,Gold,0
39,71.6,211.67,26.4,17.6,36,Tablet,Gold,2
27,90.9,198.78,32.1,20.7,28,Mobile,Gold,1
46,74.4,493.6,27.6,3.6,5,Mobile,Platinum,0
29,63.8,270.11,31.0,15.0,21,Mobile,Basic,0
18,71.7,459.48,26.9,7.2,27,Mobile,Silver,0
41,91.3,285.14,21.8,21.1,27,Tablet,Basic,1
53,125.3,257.01,30.3,18.2,52,Desktop,Silver,2
50,132.8,555.57,22.1,10.0,51,Mobile,Gold,0
33,81.2,531.57,17.8,11.9,4,Mobile,Platinum,0
40,103.4,482.98,24.1,16.0,25,Desktop,Gold,0
24,60.6,298.44,10.0,18.1,18,Desktop,Silver,4
29,94.1,393.48,13.2,10.0,31,Desktop,Silver,0
60,94.3,366.22,30.3,7.2,45,Desktop,Gold,2
52,44.1,267.39,33.3,14.4,16,Mobile,Gold,1
48,44.8,618.42,30.3,12.2,13,Mobile,Silver,0
45,73.9,624.45,20.0,18.5,15,Mobile,Basic,0
28,44.1,422.65,25.9,21.3,35,Desktop,Gold,0
36,32.9,294.99,36.0,28.7,25,Mobile,Gold,1
41,74.4,500.92,26.7,11.7,40,Desktop,Silver,2
21,20.5,281.01,47.0,23.5,26,Mobile,Silver,1
18,20.0,299.63,43.1,22.1,24,Mobile,Gold,1
34,58.6,753.33,29.2,10.3,10,Mobile,Gold,0
43,20.0,313.81,20.9,12.5,14,Mobile,Silver,4
33,27.2,373.05,28.0,5.9,29,Desktop,Basic,2
42,104.9,586.33,19.2,16.8,25,Desktop,Platinum,0
18,52.8,348.53,18.2,5.6,15,Desktop,Basic,4
18,70.5,332.49,28.3,18.0,16,Mobile,Silver,1
18,75.5,241.46,31.7,21.7,21,Tablet,Gold,1
30,28.1,273.47,31.6,9.1,25,Desktop,Silver,2
35,106.7,344.2,21.6,16.7,31,Desktop,Basic,2
24,36.7,268.64,19.9,20.1,22,Desktop,Silver,1
31,85.0,523.88,27.6,12.6,12,Tablet,Gold,0
40,40.9,409.82,5.0,8.3,13,Desktop,Gold,0
32,60.9,164.38,18.9,5.8,25,Mobile,Basic,3
39,80.6,516.76,27.2,18.6,22,Mobile,Gold,0
29,101.8,143.43,32.0,11.9,15,Mobile,Gold,0
27,58.0,416.79,18.6,23.0,46,Desktop,Silver,0
44,85.9,351.28,23.0,11.3,19,Mobile,Basic,0
18,51.4,155.14,32.1,15.9,21,Desktop,Silver,1
18,37.5,104.85,23.2,5.0,14,Desktop,Gold,3
39,83.9,500.79,26.5,15.3,32,Mobile,Basic,0
18,105.9,119.33,16.4,13.9,32,Desktop,Platinum,0
18,74.4,568.86,33.0,11.5,20,Mobile,Basic,0
25,36.7,141.72,20.9,11.5,31,Desktop,Silver,3
18,39.6,256.86,29.8,16.0,27,Mobile,Gold,1
55,78.7,462.65,31.8,5.7,24,Mobile,Gold,0
29,60.9,342.11,19.8,20.4,23,Desktop,Basic,2
54,50.3,144.28,13.9,14.5,36,Mobile,Gold,3
59,73.0,457.23,20.1,10.0,50,Desktop,Gold,2
44,43.5,85.15,22.0,13.4,34,Tablet,Basic,3
31,83.2,659.47,8.4,19.0,6,Mobile,Gold,0
29,80.3,397.34,19.0,7.0,27,Mobile,Silver,2
33,37.6,322.65,44.9,19.1,19,Mobile,Silver,1
60,88.6,461.06,39.6,13.1,21,Desktop,Platinum,2
59,89.9,493.69,28.4,9.1,33,Desktop,Gold,2
39,71.9,179.86,36.9,8.9,42,Desktop,Silver,2
36,40.9,349.14,24.1,24.5,15,Desktop,Basic,1
18,55.4,385.44,35.9,19.5,43,Tablet,Platinum,0
52,45.4,261.15,25.9,16.0,1,Mobile,Silver,1
28,73.4,159.25,19.2,15.6,17,Mobile,Silver,4
37,35.6,162.3,7.8,12.9,8,Mobile,Gold,3
23,86.6,589.32,21.5,18.6,1,Desktop,Silver,0
33,37.8,345.17,17.6,14.2,20,Mobile,Platinum,0
49,83.5,518.65,34.3,13.1,9,Desktop,Gold,0
47,51.1,269.81,35.6,15.9,42,Desktop,Gold,2
47,61.1,507.34,24.6,13.5,18,Mobile,Basic,2
28,70.3,329.41,31.4,8.3,25,Mobile,Gold,0
27,59.6,322.87,28.0,24.1,17,Tablet,Silver,1
57,50.1,286.71,22.0,10.7,51,Mobile,Gold,2
37,73.2,232.15,21.5,17.4,21,Desktop,Gold,2
23,39.0,252.39,19.1,20.7,16,Desktop,Silver,1
42,63.8,83.4,34.4,30.3,1,Mobile,Gold,1
22,69.4,450.97,37.8,17.8,9,Tablet,Silver,1
31,69.2,873.3,33.6,20.8,6,Mobile,Basic,0
24,56.3,179.89,46.0,28.5,13,Mobile,Gold,1
63,57.6,337.62,44.0,27.7,23,Tablet,Silver,1
28,52.3,64.53,7.5,10.2,46,Desktop,Basic,3
43,53.5,454.7,24.3,8.5,1,Desktop,Basic,1
37,75.1,564.02,18.1,13.9,38,Desktop,Silver,2
32,67.3,766.74,29.2,19.6,40,Desktop,Silver,0
26,45.2,252.8,23.8,24.9,21,Desktop,Basic,1
32,68.4,457.3,28.7,16.9,20,Mobile,Platinum,0
28,45.6,597.48,25.1,16.1,37,Mobile,Silver,0
46,71.8,315.83,41.3,3.0,47,Desktop,Gold,2
18,63.4,117.89,15.0,11.3,18,Desktop,Silver,4
43,80.1,512.39,16.3,11.2,35,Desktop,Gold,0
30,93.2,275.81,33.6,13.7,44,Desktop,Silver,0
40,56.7,375.33,21.7,11.7,19,Desktop,Basic,2
26,59.6,244.08,21.0,21.6,14,Desktop,Basic,0
28,95.1,263.75,33.4,25.7,27,Mobile,Gold,1
71,62.8,292.58,22.2,5.1,42,Desktop,Silver,2
30,95.3,96.83,21.0,19.2,16,Mobile,Gold,1
30,73.4,261.07,27.9,3.4,24,Desktop,Silver,0
53,68.4,658.61,22.5,10.2,45,Desktop,Platinum,0
54,71.0,341.0,16.1,10.9,39,Tablet,Basic,2
31,71.2,318.37,21.2,12.1,16,Desktop,Basic,1
28,62.7,,26.2,11.5,24,Desktop,Gold,0
53,48.5,483.43,48.9,8.8,12,Tablet,Basic,2
37,92.5,436.29,16.6,14.5,31,Desktop,Silver,0
60,70.3,346.37,35.5,8.6,16,Mobile,Silver,2
27,111.6,775.8,22.2,15.5,22,Mobile,Basic,0
37,63.7,57.82,20.9,6.8,29,Mobile,Silver,4
33,69.2,528.77,33.3,9.3,46,Mobile,Gold,0
36,109.2,634.94,22.3,19.1,60,Mobile,Gold,0
37,79.9,371.32,28.5,8.7,16,Mobile,Gold,0
44,34.8,190.3,21.0,16.4,40,Mobile,Basic,0
41,46.3,148.98,13.9,10.4,11,Mobile,Silver,3
22,50.0,212.68,25.1,5.6,14,Desktop,Basic,4
43,85.2,344.43,32.1,7.3,3,Mobile,Basic,0
42,20.0,648.41,26.0,7.2,25,Desktop,Gold,0
59,34.9,296.18,19.7,18.9,40,Desktop,Platinum,2
75,43.0,83.77,19.0,14.1,23,Desktop,Gold,3
32,43.3,266.27,28.2,20.0,27,Desktop,Basic,1
53,58.2,391.2,18.4,15.9,18,Tablet,Gold,0
37,97.1,71.13,28.9,12.7,30,Mobile,Platinum,0
21,76.5,371.33,35.7,24.8,11,Desktop,Basic,1
27,103.9,401.46,29.0,25.5,16,Desktop,Gold,0
43,49.1,228.33,27.7,28.7,15,Mobile,Silver,1
42,78.1,299.48,17.2,5.0,14,Desktop,Gold,0
54,77.2,333.55,35.0,13.1,57,Desktop,Silver,2
44,89.7,148.28,32.4,14.4,19,Mobile,Silver,0
32,31.5,132.67,34.9,25.2,20,Mobile,Gold,1
31,38.5,123.98,48.5,26.8,4,Mobile,Platinum,1
34,53.2,252.6,25.9,22.3,26,Mobile,Platinum,1
33,93.7,519.52,25.6,14.8,28,Desktop,Silver,0
19,47.6,341.11,18.7,10.6,19,Mobile,Silver,1
41,51.3,408.55,18.0,19.4,22,Desktop,Basic,1
38,26.0,276.23,33.9,16.5,3,Mobile,Silver,1
27,83.2,204.77,32.2,24.6,18,Desktop,Silver,1
55,60.4,228.39,28.1,35.1,19,Mobile,Basic,1
37,39.8,112.63,31.3,14.6,24,Mobile,Silver,2
36,84.6,369.73,38.5,10.8,27,Mobile,Platinum,0
43,33.6,526.45,26.5,14.1,40,Desktop,Basic,2
48,34.9,492.79,22.6,12.9,19,Mobile,Silver,1
34,84.5,455.05,28.1,11.4,17,Mobile,Silver,0
35,67.2,379.49,27.6,5.9,21,Desktop,Basic,0
58,53.3,642.83,25.4,12.0,8,Desktop,Gold,0
40,63.2,481.35,31.1,5.7,31,Mobile,Gold,2
65,64.2,50.0,31.5,11.2,3,Desktop,Basic,2
23,86.5,254.79,19.8,11.9,20,Mobile,Gold,2
18,45.8,324.28,30.4,19.5,37,Desktop,Gold,1
33,79.4,385.34,31.2,14.4,27,Tablet,Platinum,0
37,74.6,890.73,19.7,11.6,32,Mobile,Basic,0
24,84.8,525.64,22.5,18.6,2,Mobile,Basic,0
23,40.0,403.82,30.6,21.4,17,Desktop,Gold,0
47,68.0,180.22,25.6,9.9,15,Mobile,Basic,0
36,89.1,394.84,28.2,15.1,35,Mobile,Basic,0
30,53.6,242.56,28.4,15.3,9,Tablet,Basic,1
55,41.2,308.51,37.1,10.6,42,Mobile,Silver,2
18,63.8,109.05,22.5,8.0,26,Mobile,Silver,4
24,61.6,145.65,25.4,8.3,56,Mobile,Silver,3
29,33.3,439.09,23.4,23.0,13,Mobile,Silver,1
41,101.0,312.6,12.6,19.0,4,Mobile,Gold,0
19,59.5,176.19,22.9,22.1,1,Mobile,Gold,1
28,42.6,478.91,33.4,17.5,20,Desktop,Gold,2
42,97.5,342.41,24.1,11.9,23,Mobile,Gold,0
46,52.2,403.89,35.0,16.6,28,Mobile,Silver,0
57,52.0,285.66,36.7,7.8,34,Desktop,Platinum,2
30,63.4,288.25,28.9,11.7,36,Mobile,Silver,0
29,47.6,380.91,26.3,18.3,32,Desktop,Silver,1
47,39.0,379.0,45.3,29.2,28,Mobile,Gold,1
27,,200.28,35.7,13.6,39,Desktop,Silver,0
30,49.3,694.07,33.9,16.1,24,Desktop,Platinum,0
27,66.8,744.11,46.4,22.8,30,Tablet,Platinum,0
32,59.0,340.16,20.6,25.8,46,Mobile,Gold,0
44,70.2,127.05,27.3,10.8,14,Mobile,Gold,0
42,54.0,345.55,27.3,4.5,53,Mobile,Silver,2
32,72.8,668.85,27.2,17.8,27,Desktop,Gold,0
18,50.5,396.23,60.0,12.8,22,Desktop,Silver,1
21,87.5,238.92,22.5,14.8,37,Mobile,Basic,0
24,60.0,120.94,21.9,12.9,10,Mobile,Silver,3
46,81.7,418.57,20.3,19.1,39,Mobile,Silver,0
42,46.0,254.17,16.5,12.9,8,Mobile,Platinum,0
18,33.0,152.12,11.1,9.0,55,Mobile,Gold,3
44,72.5,227.01,,9.8,27,Desktop,Gold,2
35,69.4,408.78,28.0,17.8,16,Mobile,Basic,0
27,30.0,388.63,36.4,15.5,1,Tablet,Basic,2
29,35.2,294.37,25.8,23.6,18,Mobile,Silver,1
32,56.6,139.43,14.6,20.3,4,Mobile,Basic,1
30,57.4,344.44,25.1,11.4,25,Desktop,Basic,0
44,91.8,643.23,31.7,16.2,19,Mobile,Silver,0
45,80.3,255.66,27.7,9.3,33,Mobile,Silver,2
24,64.1,270.33,25.7,21.6,14,Mobile,Gold,1
33,46.9,397.97,11.6,18.7,33,Desktop,Platinum,0
34,47.4,548.92,40.9,12.5,22,Desktop,Gold,2
48,94.7,241.28,35.5,14.1,29,Mobile,Basic,2
38,46.5,469.61,29.3,19.9,7,Desktop,Gold,0
37,36.3,247.19,29.5,21.6,18,Mobile,Platinum,1
38,65.8,399.27,20.4,24.6,42,Desktop,Gold,0
55,69.0,154.28,25.6,10.7,13,Desktop,Basic,2
18,63.9,312.45,18.3,15.5,30,Mobile,Basic,1
26,54.1,131.51,18.5,12.7,17,Tablet,Silver,4
57,126.2,354.12,6.5,18.0,26,Desktop,Platinum,0
36,97.6,640.32,13.9,10.9,23,Mobile,Platinum,0
36,70.5,515.13,33.0,23.6,31,Mobile,Basic,0
34,85.3,508.23,41.4,12.7,29,Tablet,Gold,0
59,63.3,471.77,17.4,15.4,15,Desktop,Platinum,0
26,62.6,128.98,26.7,6.6,33,Tablet,Gold,3
43,66.5,261.15,24.7,21.1,38,Mobile,Basic,0
31,49.3,385.32,21.3,17.2,23,Desktop,Silver,0
47,74.6,125.75,6.2,6.2,23,Desktop,Silver,2
51,78.4,654.04,17.9,17.5,25,Mobile,Platinum,0
51,89.2,265.35,30.2,4.4,41,Desktop,Gold,2
34,92.6,454.71,26.3,13.0,19,Desktop,Basic,0
18,53.8,436.85,25.8,12.6,16,Mobile,Silver,1
36,60.8,356.29,26.2,7.3,3,Mobile,Gold,0
25,39.0,377.08,28.4,15.6,53,Mobile,Gold,0
22,90.6,173.13,24.1,10.2,32,Tablet,Basic,3
20,78.1,460.68,17.8,12.3,42,Desktop,Silver,0
18,45.6,125.27,17.9,15.0,21,Mobile,Silver,1
18,104.6,407.14,16.1,16.4,26,Desktop,Basic,0
23,90.2,300.47,20.2,18.2,38,Desktop,Gold,0
35,26.9,190.25,29.6,8.0,41,Desktop,Basic,3
30,114.6,567.92,39.4,12.7,29,Mobile,Platinum,0
20,70.2,369.9,54.0,22.9,25,Desktop,Basic,1
25,49.4,213.96,15.9,12.3,12,Desktop,Basic,4
34,61.2,134.27,34.2,23.2,14,Mobile,Silver,1
52,60.7,147.08,21.2,11.7,40,Desktop,Basic,3
33,53.1,557.58,20.5,7.5,18,Desktop,Silver,0
37,102.6,350.02,32.0,29.2,28,Tablet,Silver,0
44,88.9,236.69,29.7,16.5,21,Desktop,Silver,0
32,111.9,364.84,17.0,9.9,26,Desktop,Silver,2
27,41.5,239.94,14.9,7.4,13,Mobile,Basic,4
30,98.7,402.04,15.9,12.7,25,Desktop,Silver,0
42,80.7,319.21,9.1,29.2,9,Mobile,Basic,1
49,96.1,585.94,22.5,13.4,28,Tablet,Silver,0
42,65.6,50.0,31.3,19.3,20,Mobile,Silver,1
38,48.6,337.47,23.3,28.5,28,Mobile,Gold,1
35,52.7,219.09,24.3,17.7,5,Mobile,Basic,4
18,53.9,340.01,29.8,16.8,29,Desktop,Gold,1
36,81.9,623.14,24.0,25.3,19,Mobile,Silver,0
55,55.5,527.62,19.9,20.6,18,Mobile,Gold,0
44,61.9,702.51,17.0,8.3,35,Mobile,Basic,0
32,48.7,438.45,35.1,20.0,27,Mobile,Gold,0
32,82.9,430.44,23.0,9.0,1,Desktop,Platinum,0
54,43.4,84.36,20.0,12.6,25,Mobile,Silver,3
30,53.7,402.64,32.1,30.5,5,Tablet,Gold,1
39,40.4,448.44,30.1,13.5,18,Mobile,Silver,1
45,76.0,433.21,32.6,20.0,1,Desktop,Platinum,0
20,63.2,232.31,23.9,13.3,53,Mobile,Basic,3
34,24.1,435.39,25.8,6.5,29,Tablet,Basic,2
42,72.0,331.98,23.2,14.9,1,Mobile,Silver,0
54,30.7,481.65,24.3,9.8,34,Desktop,Basic,2
23,45.0,320.54,18.6,12.4,20,Tablet,Silver,1
38,76.1,541.21,25.8,5.0,3,Desktop,Gold,0
43,48.8,274.2,25.5,34.8,21,Mobile,Silver,1
56,52.1,354.42,38.6,17.2,25,Mobile,Silver,1
47,71.8,527.78,28.3,18.2,5,Mobile,Basic,0
28,56.4,179.34,29.4,9.0,32,Desktop,Platinum,3
51,78.7,235.84,44.4,15.7,44,Desktop,Gold,2
20,52.5,114.89,34.2,19.0,18,Mobile,Gold,1
29,55.4,96.0,27.3,5.1,12,Tablet,Basic,1
44,83.9,360.78,25.3,9.6,24,Desktop,Basic,0
67,88.2,285.26,31.6,14.1,10,Mobile,Gold,1
43,83.3,313.26,31.0,9.9,25,Mobile,Basic,1
45,95.6,380.02,21.7,11.5,10,Mobile,Silver,0
40,62.1,336.05,20.5,12.8,19,Mobile,Silver,1
41,102.6,405.38,45.7,17.1,56,Desktop,Basic,2
27,25.1,429.6,27.1,13.7,14,Mobile,Basic,1
33,109.6,350.05,38.3,19.2,29,Desktop,Platinum,0
62,77.5,133.59,30.7,15.1,26,Mobile,Silver,2
21,44.0,219.44,30.4,3.0,16,Mobile,Basic,0
18,83.1,259.03,34.1,11.9,23,Tablet,Gold,0
35,66.5,501.46,28.7,11.2,29,Desktop,Gold,0
44,78.4,309.58,18.5,16.6,35,Mobile,Silver,0
75,,197.84,21.1,21.1,27,Mobile,Silver,2
51,64.0,202.54,20.1,21.8,18,Mobile,Platinum,1
43,85.9,410.33,20.6,14.2,17,Tablet,Basic,0
38,50.2,75.1,24.4,8.9,16,Desktop,Basic,3
41,56.3,164.92,29.1,10.9,13,Mobile,Basic,3
65,79.8,152.52,26.0,10.8,33,Tablet,Basic,3
19,73.5,317.83,27.3,14.7,47,Desktop,Platinum,0
29,85.2,277.0,33.3,20.3,14,Mobile,Silver,1
18,52.2,325.46,20.1,9.1,3,Mobile,Gold,4
53,73.6,412.18,28.3,13.5,28,Mobile,Platinum,2
29,55.7,92.25,23.6,22.6,33,Mobile,Gold,0
45,72.6,686.24,17.2,11.3,14,Mobile,Silver,0
33,42.2,50.0,40.7,9.9,24,Desktop,Silver,1
55,42.4,84.9,30.5,5.6,31,Tablet,Basic,3
30,48.8,315.35,31.9,22.7,19,Mobile,Basic,1
37,56.7,214.06,30.0,15.7,10,Mobile,Basic,1
35,93.3,375.23,26.6,15.6,17,Desktop,Gold,0
34,59.1,209.47,49.7,16.1,1,Mobile,Gold,1
41,53.0,593.32,31.2,14.2,32,Desktop,Silver,2
32,45.9,580.21,29.0,15.5,30,Desktop,Basic,0
43,52.0,504.59,15.3,21.4,43,Desktop,Silver,2
27,52.7,120.85,18.2,11.5,9,Desktop,Basic,4
18,84.6,569.63,23.3,15.3,38,Mobile,Basic,0
26,76.0,409.23,16.0,26.0,26,Mobile,Gold,1
35,97.9,554.84,43.0,19.8,26,Mobile,Silver,0
26,60.3,470.39,28.0,16.1,35,Mobile,Platinum,2
27,56.6,327.21,31.4,20.9,10,Tablet,Basic,1
27,95.7,402.85,15.3,5.8,19,Mobile,Gold,1
58,66.3,328.8,34.8,9.9,26,Desktop,Platinum,2
54,88.9,544.32,24.6,19.4,20,Mobile,Gold,0
56,54.4,219.13,36.7,12.3,29,Desktop,Basic,3
35,64.7,452.98,21.8,14.5,16,Desktop,Gold,1
26,90.1,269.82,18.3,14.4,17,Desktop,Platinum,0
53,50.6,267.78,42.1,19.5,33,Mobile,Silver,1
60,85.1,473.67,10.8,9.3,21,Desktop,Silver,2
35,74.3,532.8,29.6,3.0,16,Desktop,Silver,0
36,50.2,50.0,17.8,13.3,48,Mobile,Basic,3
51,30.0,182.97,25.1,9.6,1,Tablet,Gold,3
45,63.2,501.92,25.5,22.7,22,Desktop,Silver,0
23,57.8,184.11,12.0,12.0,21,Mobile,Silver,4
32,55.3,402.19,15.5,13.9,20,Mobile,Gold,0
28,60.5,628.07,16.1,16.1,22,Desktop,Gold,0
36,63.9,172.15,27.0,17.7,5,Desktop,Basic,0
21,53.8,136.96,13.1,8.3,2,Mobile,Silver,3
39,54.4,408.96,22.1,20.4,1,Mobile,Silver,1
18,70.4,601.69,31.0,11.7,5,Mobile,Silver,0
40,101.8,350.66,18.6,12.4,31,Mobile,Gold,0
18,97.1,262.27,32.5,15.8,23,Mobile,Gold,1
52,68.5,410.57,26.9,17.3,27,Desktop,Basic,0
34,41.3,121.62,13.3,6.6,1,Desktop,Silver,3
43,50.3,50.0,21.4,14.9,44,Desktop,Platinum,2
48,49.1,388.52,26.2,14.7,8,Desktop,Basic,1
22,35.6,257.1,20.0,15.9,19,Mobile,Basic,4
36,56.6,,19.6,25.2,19,Mobile,Gold,0
35,58.8,276.21,20.3,17.5,18,Mobile,Silver,4
36,60.1,186.35,35.8,11.1,11,Mobile,Silver,1
29,94.0,360.29,34.5,16.5,8,Mobile,Platinum,1
22,44.7,306.19,39.6,26.1,26,Mobile,Gold,0
26,70.6,213.68,13.7,9.8,22,Desktop,Basic,3
22,84.3,559.24,23.9,19.5,26,Tablet,Platinum,0
47,44.6,397.68,24.4,3.0,11,Desktop,Silver,0
28,58.6,572.62,12.1,4.6,20,Mobile,Silver,0
39,70.8,358.89,41.1,27.4,1,Mobile,Basic,1
37,45.5,205.26,35.6,9.6,1,Desktop,Gold,1
47,45.6,446.7,34.1,12.3,12,Desktop,Silver,2
60,45.1,107.52,18.9,10.8,20,Mobile,Gold,3
18,98.9,719.2,20.1,9.7,22,Desktop,Silver,0
46,47.6,178.61,35.8,14.4,46,Desktop,Silver,2
18,89.2,163.56,18.7,22.8,34,Mobile,Basic,0
42,57.7,182.58,16.8,5.2,30,Mobile,Basic,3
49,60.3,389.85,20.0,13.9,10,Desktop,Basic,2
53,69.1,387.72,44.2,40.0,18,Mobile,Silver,1
58,104.0,295.49,23.5,13.3,27,Desktop,Silver,2
30,68.9,476.15,23.2,5.4,17,Desktop,Gold,0
18,34.1,283.02,9.2,17.3,1,Mobile,Gold,1
66,89.5,265.98,18.4,11.2,28,Desktop,Platinum,2
36,41.0,354.64,32.7,18.0,11,Mobile,Silver,1
36,76.7,489.26,,14.3,36,Mobile,Gold,0
31,53.9,307.98,20.4,11.2,25,Desktop,Gold,1
47,81.9,442.75,35.1,8.6,14,Desktop,Basic,2
33,37.5,708.25,22.8,15.9,39,Mobile,Silver,0
31,68.3,423.98,36.6,18.4,35,Mobile,Gold,0
18,31.4,396.77,28.3,11.2,24,Desktop,Gold,2
57,65.0,342.08,38.6,17.9,26,Mobile,Gold,2
43,82.3,451.12,26.6,11.6,20,Desktop,Silver,0
34,49.0,341.48,5.0,12.5,24,Desktop,Silver,0
41,85.6,203.51,22.1,12.6,15,Mobile,Silver,0
22,92.5,428.56,20.9,15.0,38,Tablet,Gold,0
22,43.9,315.4,48.9,28.6,24,Desktop,Basic,1
47,95.8,453.31,7.4,7.8,35,Desktop,Silver,2
24,50.4,251.26,27.1,25.0,15,Mobile,Silver,1
44,42.9,171.3,32.1,15.4,13,Mobile,Gold,1
58,73.5,542.68,9.5,10.7,11,Desktop,Basic,0
58,72.6,320.54,22.3,16.5,60,Mobile,Gold,2
34,71.9,314.34,37.6,13.0,13,Desktop,Silver,1
21,23.6,160.14,24.1,5.7,6,Mobile,Gold,4
39,32.9,247.5,42.0,12.8,33,Desktop,Basic,1
31,52.1,375.47,29.4,15.0,37,Mobile,Gold,0
18,31.5,190.08,41.0,23.4,13,Desktop,Silver,1
54,80.2,51.11,27.4,19.7,27,Desktop,Platinum,0
18,39.0,247.88,40.7,15.4,23,Desktop,Silver,1
35,39.9,547.03,42.1,18.6,15,Mobile,Silver,0
55,68.5,350.6,23.7,13.4,43,Desktop,Silver,0
42,68.1,199.13,20.6,9.1,29,Tablet,Basic,3
34,41.9,682.87,27.0,9.2,1,Desktop,Silver,0
37,55.0,413.46,23.4,14.2,31,Mobile,Silver,2
27,87.1,347.7,34.6,26.7,32,Desktop,Gold,0
26,58.6,481.33,24.8,13.8,7,Mobile,Silver,1
52,58.9,377.17,27.0,13.2,5,Desktop,Basic,1
21,61.3,331.99,36.0,11.1,18,Mobile,Basic,1
40,51.6,595.2,43.7,19.2,22,Mobile,Basic,0
27,80.0,279.23,9.9,16.1,24,Mobile,Silver,0
38,55.2,429.16,39.1,18.3,8,Desktop,Basic,0
21,35.0,529.86,27.6,17.3,27,Mobile,Silver,0
38,82.5,229.88,19.8,13.2,9,Mobile,Silver,1
47,59.7,50.0,13.1,10.2,26,Mobile,Gold,3
59,45.2,70.85,,12.2,28,Desktop,Silver,3
19,39.9,217.32,20.7,10.3,45,Desktop,Gold,2
42,49.5,361.59,29.8,15.2,42,Mobile,Basic,2
18,52.3,418.41,25.6,26.8,15,Mobile,Silver,1
24,89.5,582.27,25.2,8.9,25,Desktop,Gold,0
35,25.1,162.02,18.1,12.8,32,Desktop,Basic,3
48,52.3,176.52,14.1,15.4,14,Mobile,Silver,1
51,30.9,513.15,47.3,20.8,2,Mobile,Silver,1
22,80.8,326.45,19.3,14.0,17,Tablet,Silver,0
56,64.3,516.13,26.2,16.8,29,Tablet,Silver,0
43,59.8,302.49,30.6,19.2,9,Tablet,Silver,1
46,52.7,108.35,19.6,8.3,32,Mobile,Silver,3
29,58.3,380.08,22.9,23.6,18,Mobile,Silver,1
42,75.3,241.75,20.8,19.4,19,Mobile,Silver,0
19,49.6,324.09,22.6,18.1,11,Mobile,Basic,4
34,54.1,347.39,17.6,8.5,40,Desktop,Silver,0
47,85.0,282.82,12.3,12.3,32,Mobile,Gold,0
46,108.7,416.01,25.9,7.5,19,Desktop,Platinum,0
38,59.0,291.86,25.5,13.7,1,Tablet,Silver,2
31,42.8,97.48,16.6,10.0,30,Desktop,Basic,3
32,113.7,271.25,18.1,14.0,29,Mobile,Silver,0
49,35.8,188.5,16.8,7.3,37,Desktop,Silver,3
48,108.5,311.72,32.5,7.4,29,Desktop,Silver,0
58,58.5,134.92,23.6,10.2,27,Desktop,Silver,3
43,70.2,360.62,13.5,10.7,54,Desktop,Silver,2
60,73.8,422.91,19.7,10.9,52,Mobile,Basic,2
29,96.2,243.44,15.4,24.5,24,Desktop,Silver,0
38,59.0,154.41,16.3,13.2,21,Mobile,Basic,4
48,93.3,448.08,14.4,11.1,16,Desktop,Gold,2
36,69.6,460.38,26.7,11.8,9,Tablet,Silver,0
18,92.9,414.53,31.3,17.1,11,Desktop,Silver,2
38,40.4,503.93,21.8,11.0,20,Mobile,Silver,0
29,58.4,112.09,24.5,3.0,16,Mobile,Gold,3
43,38.9,559.67,19.9,11.3,36,Desktop,Gold,0
72,92.9,246.59,29.3,10.6,60,Desktop,Gold,2
43,32.8,305.03,20.6,9.9,26,Desktop,Gold,1
33,49.7,275.8,17.2,13.8,37,Mobile,Gold,0
28,60.6,70.26,29.5,13.8,23,Desktop,Gold,0
31,86.4,608.83,27.4,18.4,22,Tablet,Silver,0
23,44.8,417.79,50.1,29.6,5,Tablet,Basic,1
21,51.2,470.16,5.0,12.1,41,Mobile,Gold,0
27,65.2,373.53,24.7,18.6,12,Mobile,Basic,1
32,49.8,546.91,28.9,18.5,15,Desktop,Silver,0
28,57.2,261.44,22.8,22.9,18,Desktop,Silver,0
47,20.0,436.11,47.2,3.0,11,Desktop,Silver,2
45,77.1,658.8,31.6,23.5,38,Desktop,Basic,0
27,46.5,123.09,19.4,14.0,23,Mobile,Basic,3
50,29.0,109.94,29.3,10.9,27,Mobile,Basic,3
22,51.5,307.13,39.5,20.6,32,Mobile,Gold,1
47,37.2,165.08,35.2,12.0,15,Tablet,Basic,1
52,71.2,107.29,15.5,11.0,13,Desktop,Basic,3
35,76.8,324.82,19.2,11.3,5,Desktop,Gold,0
43,69.8,328.35,31.0,18.2,27,Mobile,Gold,0
32,67.0,215.87,30.3,14.5,30,Mobile,Gold,0
18,75.6,371.69,21.4,13.6,42,Desktop,Basic,2
50,60.6,460.0,5.0,7.6,26,Mobile,Gold,0
33,48.2,375.31,17.8,22.6,11,Mobile,Platinum,1
26,53.7,203.49,17.2,10.6,16,Mobile,Silver,4
35,34.2,118.01,15.9,12.3,37,Desktop,Basic,3
40,51.8,207.18,19.1,25.1,27,Tablet,Silver,1
18,101.6,426.46,26.1,13.4,41,Mobile,Basic,0
31,97.4,401.52,33.6,10.7,10,Desktop,Gold,2
48,51.5,238.08,43.9,31.5,18,Mobile,Gold,1
27,91.2,411.9,29.8,13.7,43,Desktop,Basic,0
30,69.4,388.19,30.9,19.6,31,Tablet,Basic,0
38,52.1,164.89,26.5,3.0,24,Tablet,Basic,3
31,67.9,172.13,32.6,25.4,3,Desktop,Basic,1
75,91.2,,20.5,11.3,31,Desktop,Silver,2
33,58.4,55.38,17.1,11.1,38,Mobile,Basic,3
23,47.1,426.06,41.6,21.3,1,Mobile,Silver,1
28,,317.64,33.9,25.7,9,Desktop,Silver,1
37,71.5,308.76,29.0,20.2,34,Desktop,Silver,0
52,96.4,332.38,5.0,16.5,34,Mobile,Basic,0
32,77.1,368.3,35.3,15.7,13,Mobile,Gold,0
62,86.8,530.67,26.6,10.0,31,Desktop,Basic,2
31,43.3,224.64,26.3,13.0,25,Mobile,Silver,1
23,32.6,216.8,15.6,11.8,30,Desktop,Basic,3
42,59.6,445.75,15.8,24.1,13,Tablet,Platinum,0
26,41.9,288.04,,30.7,14,Mobile,Platinum,1
20,98.6,416.28,31.9,29.5,30,Tablet,Silver,1
50,38.0,447.37,27.7,29.1,18,Mobile,Platinum,1
38,59.1,529.28,7.2,7.0,19,Desktop,Silver,2
48,86.8,354.33,35.7,7.1,50,Desktop,Platinum,0
24,50.3,237.07,19.3,31.6,26,Mobile,Silver,1
37,85.4,490.61,15.7,20.4,25,Mobile,Silver,0
41,124.0,297.71,26.4,20.6,9,Mobile,Silver,0
44,78.9,295.9,21.6,17.3,12,Mobile,Basic,1
39,63.8,279.18,30.6,19.5,5,Mobile,Silver,1
18,52.4,151.06,19.4,15.4,7,Mobile,Silver,4
50,30.5,228.52,43.4,18.6,6,Desktop,Gold,1
37,53.5,293.4,26.1,4.4,27,Desktop,Gold,2
25,33.7,341.22,42.0,27.1,6,Desktop,Silver,1
38,63.6,232.84,32.2,27.4,21,Mobile,Basic,1
47,81.5,467.86,20.6,20.9,44,Desktop,Gold,0
31,65.0,426.55,25.3,22.2,38,Mobile,Gold,0
18,79.8,582.04,24.4,24.6,11,Mobile,Basic,0
18,43.0,209.77,35.3,17.5,3,Mobile,Silver,1
24,42.5,481.07,26.5,24.6,35,Desktop,Gold,0
25,77.6,538.86,30.6,12.6,30,Mobile,Silver,0
24,75.5,273.32,21.6,19.5,12,Desktop,Basic,0
24,48.9,219.75,15.0,15.1,20,Mobile,Gold,4
30,61.3,496.05,22.0,12.2,19,Desktop,Basic,0
18,60.5,347.65,24.2,31.5,18,Mobile,Basic,1
36,84.0,411.39,16.9,9.5,16,Tablet,Platinum,0
25,34.6,206.72,36.6,29.9,26,Desktop,Gold,1
43,68.2,471.14,21.6,13.9,25,Desktop,Platinum,0
33,76.1,515.02,,7.4,11,Mobile,Platinum,0
27,50.3,253.63,35.6,13.4,18,Tablet,Gold,1
37,85.3,364.1,17.5,27.3,20,Tablet,Silver,0
51,64.1,300.18,15.1,23.0,12,Mobile,Silver,0
21,69.2,309.33,19.5,25.0,29,Desktop,Gold,0
34,66.2,487.34,26.3,12.2,26,Mobile,Basic,0
32,49.6,97.33,17.5,24.0,20,Mobile,Gold,0
25,47.9,419.65,44.4,17.3,44,Desktop,Silver,0
72,62.6,279.9,16.1,10.8,31,Desktop,Silver,2
33,22.3,237.32,33.1,23.1,24,Desktop,Gold,1
33,36.1,94.83,24.5,19.2,31,Mobile,Basic,1
39,69.6,571.58,40.8,26.0,25,Desktop,Gold,0
38,,63.24,17.8,13.5,18,Mobile,Basic,3
55,100.3,478.21,29.1,17.0,41,Desktop,Silver,0
46,99.3,111.09,20.2,9.9,26,Mobile,Silver,0
58,66.1,292.1,33.6,20.9,28,Mobile,Basic,1
37,54.1,641.55,21.4,20.1,25,Tablet,Basic,0
51,54.2,287.29,17.8,15.7,42,Mobile,Gold,0
35,20.0,359.5,41.2,19.8,19,Mobile,Gold,1
41,38.2,141.59,18.4,12.8,26,Mobile,Basic,3
18,78.6,234.22,33.4,30.7,12,Mobile,Basic,1
45,106.5,553.56,33.6,17.8,27,Mobile,Gold,2
18,62.4,242.54,18.1,12.0,3,Mobile,Basic,4
30,70.6,434.3,19.5,10.2,5,Tablet,Silver,0
19,74.5,492.17,17.1,22.1,19,Mobile,Gold,0
34,71.8,184.38,33.1,10.2,21,Desktop,Gold,0
24,66.1,657.36,28.7,18.4,11,Tablet,Basic,0
31,71.6,321.32,11.6,12.4,40,Desktop,Gold,0
43,38.5,183.88,21.5,12.9,13,Desktop,Silver,3
49,47.2,344.02,33.5,12.9,39,Mobile,Gold,2
18,54.3,247.03,37.9,13.6,28,Mobile,Gold,1
36,,368.6,21.7,22.2,23,Desktop,Basic,0
56,64.4,541.0,35.0,7.8,22,Mobile,Silver,2
31,26.9,281.87,23.4,14.0,10,Mobile,Basic,4
47,53.7,215.99,25.0,14.8,31,Desktop,Gold,2
42,42.8,407.23,16.5,14.1,16,Desktop,Silver,0
38,73.1,119.93,30.6,25.8,33,Mobile,Basic,1
45,71.2,313.44,12.6,10.3,4,Tablet,Gold,0
22,80.2,576.79,25.0,6.9,29,Mobile,Silver,0
30,76.7,526.47,44.1,15.6,42,Mobile,Platinum,0
34,33.0,310.59,10.1,14.8,19,Desktop,Silver,1
29,57.8,378.44,16.7,22.4,10,Mobile,Silver,1
39,86.0,583.66,27.8,15.9,46,Tablet,Gold,0
20,108.9,406.53,29.6,13.4,16,Desktop,Gold,0
38,45.2,641.14,42.0,25.6,14,Mobile,Basic,1
46,55.2,289.77,29.3,16.6,15,Desktop,Silver,0
39,47.7,255.96,22.1,18.7,31,Mobile,Basic,0
46,45.2,483.58,36.4,21.7,28,Desktop,Gold,0
59,66.0,248.47,20.1,12.7,27,Desktop,Silver,2
32,89.5,447.59,24.4,10.1,24,Desktop,Gold,0
20,50.0,538.32,23.2,14.6,17,Mobile,Platinum,0
33,58.0,588.25,23.2,18.0,10,Mobile,Platinum,0
66,69.2,50.0,14.4,11.4,10,Tablet,Basic,3
30,64.7,210.67,7.6,25.9,28,Mobile,Silver,1
41,20.0,455.65,34.9,14.3,26,Desktop,Basic,1
29,81.0,480.89,39.0,24.1,17,Mobile,Silver,0
45,61.4,138.73,23.0,34.0,22,Mobile,Gold,1
30,75.5,410.08,13.1,10.0,32,Tablet,Silver,0
27,55.5,303.49,33.1,26.9,7,Desktop,Gold,1
55,28.8,132.74,32.0,9.7,35,Mobile,Basic,3
41,36.5,463.38,35.0,23.1,1,Desktop,Gold,1
64,45.3,70.62,15.2,8.5,12,Mobile,Basic,3
62,94.2,324.55,24.5,4.7,40,Desktop,Gold,2
34,83.7,708.66,26.6,16.0,26,Mobile,Silver,0
28,65.2,103.23,16.3,8.4,26,Desktop,Silver,3
27,75.5,713.26,21.0,9.1,18,Tablet,Gold,0
44,36.2,184.92,26.8,24.1,5,Mobile,Basic,1
29,63.1,591.26,29.2,19.5,40,Tablet,Basic,0
32,51.3,272.86,10.3,12.7,19,Desktop,Platinum,0
30,72.7,294.15,33.2,11.1,10,Desktop,Gold,0
18,92.1,338.76,22.0,15.9,31,Mobile,Gold,0
37,54.1,237.54,34.1,19.3,36,Mobile,Silver,1
26,55.9,409.94,44.1,17.6,9,Mobile,Basic,1
58,85.8,210.91,19.2,11.9,14,Desktop,Basic,0
42,96.8,528.63,9.4,9.7,22,Tablet,Gold,0
33,55.9,303.78,27.4,20.5,29,Mobile,Basic,1
34,74.4,444.96,35.4,9.5,45,Mobile,Silver,0
55,87.7,167.55,18.2,13.1,60,Desktop,Gold,2
18,56.5,316.23,26.2,14.9,20,Mobile,Silver,1
65,79.5,361.66,22.1,11.9,55,Desktop,Gold,2
43,64.8,319.63,39.8,23.1,27,Mobile,Gold,1
30,61.7,209.22,17.7,10.3,18,Mobile,Basic,0
51,52.2,304.18,32.7,29.5,12,Mobile,Basic,1
46,101.9,521.19,34.9,15.9,22,Desktop,Gold,0
28,94.9,418.73,22.4,19.5,23,Desktop,Gold,0
35,73.5,525.43,19.4,13.8,18,Mobile,Basic,2
45,95.2,396.85,42.7,20.5,32,Tablet,Platinum,0
53,86.6,220.57,29.8,13.5,24,Desktop,Gold,2
40,63.8,243.32,11.9,15.1,30,Mobile,Silver,2
37,66.4,120.04,20.2,10.6,11,Mobile,Silver,3
26,34.3,111.24,17.5,10.0,15,Desktop,Silver,3
33,65.4,363.1,22.5,8.0,12,Desktop,Platinum,0
51,69.0,395.77,21.7,13.4,16,Desktop,Platinum,0
26,77.5,469.66,41.7,23.3,26,Mobile,Silver,1
29,82.8,543.94,17.0,13.6,37,Tablet,Silver,0
18,32.5,262.36,33.5,11.9,17,Mobile,Gold,1
57,52.0,244.71,35.6,13.5,12,Desktop,Silver,2
21,71.8,232.18,30.0,21.8,1,Mobile,Basic,1
28,94.9,209.08,29.5,8.1,20,Desktop,Silver,0
22,72.6,190.97,37.8,17.0,26,Desktop,Gold,0
37,77.6,534.55,21.1,13.9,34,Mobile,Platinum,0
21,105.0,350.78,32.9,15.9,8,Desktop,Gold,0
60,47.3,155.2,7.7,8.5,10,Tablet,Basic,3
29,92.3,321.51,32.1,21.5,36,Mobile,Silver,0
41,72.5,303.24,20.5,22.2,10,Desktop,Platinum,0
31,87.9,694.84,22.6,13.8,31,Mobile,Platinum,0
28,20.0,202.2,18.6,24.1,16,Tablet,Gold,1
29,54.8,192.98,45.5,27.8,34,Mobile,Gold,1
51,61.4,319.32,20.2,17.6,15,Mobile,Silver,0
40,44.7,310.18,34.7,20.9,28,Mobile,Gold,0
27,67.8,222.95,27.0,15.2,13,Desktop,Gold,0
42,65.3,449.8,30.0,15.8,43,Mobile,Silver,0
40,32.2,372.43,17.0,23.8,12,Mobile,Gold,1
38,71.3,295.34,18.0,14.6,11,Mobile,Silver,1
36,52.3,668.35,19.4,16.3,14,Mobile,Silver,0
31,93.0,501.98,26.1,4.9,39,Mobile,Platinum,0
37,63.0,292.37,16.5,8.0,23,Mobile,Basic,4
32,35.9,156.81,17.2,20.8,18,Mobile,Basic,1
18,65.6,274.54,26.2,12.3,15,Desktop,Basic,1
37,90.8,377.31,10.1,20.0,13,Mobile,Basic,0
36,45.4,226.13,26.1,28.5,18,Mobile,Basic,1
32,79.8,522.6,26.0,10.8,19,Tablet,Platinum,0
41,34.4,233.42,36.0,25.3,16,Tablet,Basic,1
25,32.1,242.05,25.9,22.3,18,Mobile,Silver,4
18,78.5,802.55,35.2,20.6,27,Mobile,Gold,0
43,63.4,344.74,22.4,13.2,15,Mobile,Gold,0
36,45.3,417.89,16.2,11.8,26,Mobile,Silver,0
41,46.7,716.68,34.6,12.5,15,Mobile,Gold,0
18,65.8,429.89,25.8,11.9,39,Desktop,Basic,0
20,52.2,523.0,15.7,9.0,25,Mobile,Platinum,0
31,62.1,259.02,20.2,3.6,32,Desktop,Basic,2
26,51.3,265.03,31.9,15.6,30,Mobile,Basic,1
43,84.5,303.77,18.5,10.0,31,Desktop,Basic,0
44,85.5,135.66,14.3,5.6,24,Mobile,Basic,3
28,80.9,370.15,32.7,7.2,32,Desktop,Gold,0
18,51.8,146.5,9.6,10.3,8,Mobile,Gold,4
23,60.5,392.9,24.4,20.0,32,Mobile,Gold,0
18,69.4,97.65,30.9,10.6,56,Mobile,Silver,3
25,52.0,192.62,26.2,11.8,18,Mobile,Silver,1
70,66.4,243.82,13.3,12.2,26,Desktop,Platinum,2
18,68.0,234.85,16.5,12.7,19,Mobile,Basic,4
30,85.1,338.97,20.2,23.3,39,Tablet,Silver,0
18,61.9,194.11,13.8,8.0,7,Mobile,Basic,4
21,54.2,498.51,25.4,17.8,23,Desktop,Silver,0
25,87.9,275.11,19.5,13.2,32,Mobile,Basic,0
37,75.4,732.85,10.3,9.8,11,Mobile,Silver,0
40,44.4,246.7,12.8,15.2,13,Mobile,Silver,1
30,96.7,383.24,8.1,21.4,33,Mobile,Gold,0
50,41.1,229.06,23.0,25.7,16,Mobile,Platinum,1
31,38.0,461.21,15.4,22.5,22,Desktop,Silver,1
43,76.7,579.43,27.4,7.7,24,Desktop,Basic,2
59,62.3,139.28,37.2,4.9,7,Mobile,Basic,2
33,80.0,513.34,24.5,23.8,25,Desktop,Gold,0
22,71.6,768.5,21.0,11.6,26,Mobile,Platinum,0
30,59.1,377.51,36.5,14.3,8,Desktop,Silver,0
33,83.7,334.29,27.6,22.3,16,Mobile,Gold,0
55,80.4,388.08,22.6,12.4,18,Mobile,Gold,0
18,73.0,429.02,28.9,12.4,15,Mobile,Silver,0
36,37.8,618.12,30.5,10.4,32,Mobile,Gold,0
18,51.8,136.46,24.6,12.1,9,Mobile,Silver,4
18,46.2,141.59,22.0,19.1,22,Mobile,Basic,1
38,96.6,545.49,29.6,16.0,39,Mobile,Basic,0
18,74.0,272.31,59.3,17.6,19,Mobile,Gold,1
40,53.0,503.78,25.3,13.5,38,Desktop,Basic,0
50,60.9,405.47,43.8,17.4,18,Mobile,Gold,0
18,79.7,169.69,54.5,17.1,39,Mobile,Silver,1
38,70.1,376.8,25.0,12.1,17,Mobile,Silver,1
38,81.6,313.5,28.2,13.7,16,Desktop,Platinum,0
34,38.7,163.47,18.4,17.5,17,Mobile,Gold,4
39,49.3,134.67,17.9,14.0,23,Desktop,Basic,3
28,78.6,420.48,39.5,18.8,21,Mobile,Silver,1
22,50.4,289.9,28.9,16.1,32,Desktop,Basic,1
43,60.8,240.04,40.6,17.2,34,Desktop,Silver,1
34,76.4,633.81,42.6,22.8,35,Tablet,Gold,0
41,64.9,494.28,17.7,16.9,29,Desktop,Silver,0
39,73.3,503.71,14.3,11.1,36,Tablet,Gold,0
25,55.4,50.0,38.5,30.8,7,Desktop,Basic,1
50,55.0,157.07,27.9,13.8,11,Mobile,Silver,1
27,76.5,,13.6,17.0,19,Desktop,Gold,0
24,55.4,133.04,25.9,8.8,18,Desktop,Platinum,4
37,34.7,165.05,15.7,4.9,1,Desktop,Basic,3
61,49.2,301.32,23.8,6.7,16,Desktop,Gold,2
35,31.0,290.07,7.0,25.1,21,Mobile,Basic,1
20,74.2,50.0,23.7,11.7,11,Mobile,Basic,3
18,53.6,357.51,30.2,15.3,25,Mobile,Basic,0
33,38.1,272.82,28.7,9.7,25,Mobile,Gold,2
22,86.3,489.88,27.6,18.1,29,Desktop,Gold,0
28,52.1,475.75,29.3,15.0,33,Desktop,Gold,2
48,98.4,268.46,30.0,14.8,17,Mobile,Silver,0
51,62.2,109.46,25.7,12.8,30,Tablet,Gold,3
29,56.6,144.35,24.7,12.6,9,Mobile,Basic,3
42,70.8,514.62,13.2,22.0,10,Desktop,Platinum,0
30,,216.19,43.0,20.1,5,Desktop,Basic,1
35,40.7,156.98,18.1,15.5,4,Mobile,Gold,4
28,91.0,260.35,37.5,24.3,6,Mobile,Silver,1
24,25.0,171.31,12.9,7.7,56,Mobile,Basic,3
26,50.7,190.63,18.4,29.1,21,Mobile,Gold,1
38,93.7,300.56,27.1,18.5,43,Desktop,Gold,0
46,21.6,682.84,19.2,13.8,29,Desktop,Basic,0
51,67.3,286.96,39.5,17.6,47,Mobile,Gold,0
53,43.4,350.97,27.3,5.5,18,Desktop,Gold,2
33,111.3,390.56,24.3,20.0,19,Mobile,Silver,0
21,38.0,295.86,23.9,32.9,7,Mobile,Gold,1
42,68.4,58.18,29.9,18.4,7,Mobile,Basic,1
38,85.9,50.0,24.7,12.5,19,Mobile,Basic,1
50,74.5,253.07,14.8,4.5,36,Mobile,Gold,3
41,57.8,328.51,16.6,9.6,16,Desktop,Basic,4
45,96.0,526.59,27.0,19.0,1,Desktop,Platinum,0
48,63.1,406.14,22.8,16.5,37,Mobile,Basic,2
47,49.7,455.99,29.9,9.0,29,Mobile,Basic,2
40,64.9,328.7,30.9,26.2,30,Mobile,Gold,1
20,41.5,356.29,19.7,20.5,14,Mobile,Basic,4
34,,277.67,29.0,20.3,53,Mobile,Basic,0
27,97.5,572.25,,10.5,35,Desktop,Gold,0
27,21.8,76.25,24.8,16.3,22,Desktop,Silver,3
21,79.3,579.6,5.6,18.2,38,Mobile,Platinum,0
43,59.9,197.12,21.8,10.3,32,Mobile,Silver,2
51,55.6,93.04,23.5,8.6,29,Mobile,Silver,3
23,72.1,245.48,22.8,13.6,1,Mobile,Platinum,0
58,53.2,156.78,28.3,9.6,28,Desktop,Basic,3
34,54.9,560.96,7.6,12.9,35,Mobile,Silver,0
27,20.0,351.55,28.8,18.4,15,Tablet,Silver,1
31,30.5,337.55,35.0,21.2,29,Desktop,Silver,1
61,58.7,82.6,19.1,13.7,7,Mobile,Basic,3
26,92.5,506.52,19.3,18.0,22,Mobile,Silver,0
37,71.9,231.32,35.4,29.5,5,Desktop,Silver,1
31,77.3,499.88,33.4,18.6,28,Mobile,Silver,1
45,56.3,401.57,26.3,11.7,17,Tablet,Platinum,2
41,84.8,195.23,16.0,20.1,18,Mobile,Silver,1
30,32.0,656.25,27.0,12.7,8,Mobile,Basic,0
23,83.3,283.89,25.8,25.2,20,Desktop,Basic,0
23,109.4,660.54,23.7,10.5,19,Desktop,Silver,0
59,42.2,481.42,33.6,10.0,14,Mobile,Silver,2
45,52.5,532.16,24.4,12.2,23,Mobile,Gold,0
31,60.0,444.21,19.5,6.2,11,Desktop,Gold,0
30,44.6,195.87,15.4,14.1,16,Mobile,Basic,4
18,83.3,238.6,24.2,9.0,24,Desktop,Gold,0
18,59.7,210.49,15.3,15.0,13,Mobile,Basic,4
41,37.1,216.7,39.4,28.9,18,Mobile,Silver,1
45,59.9,393.72,23.7,15.4,12,Desktop,Gold,2
26,56.7,511.6,15.5,12.5,37,Desktop,Gold,0
37,62.8,457.69,23.8,14.3,24,Desktop,Basic,0
27,49.2,334.55,7.7,15.1,1,Mobile,Gold,2
40,76.4,635.76,29.0,4.1,44,Desktop,Basic,2
52,20.0,350.85,24.3,16.9,41,Mobile,Platinum,2
19,100.3,517.43,12.6,15.3,36,Desktop,Silver,0
25,47.6,227.43,40.4,10.0,13,Desktop,Gold,2
54,59.0,383.09,22.1,18.7,47,Desktop,Gold,2
38,32.6,343.33,31.1,27.6,26,Mobile,Silver,1
44,52.7,382.81,24.3,10.9,37,Desktop,Basic,2
25,46.7,435.29,16.9,17.0,45,Tablet,Platinum,2
29,109.0,404.31,20.5,24.5,19,Mobile,Silver,1
45,63.0,434.72,17.6,11.3,22,Mobile,Gold,0
32,41.6,420.24,59.4,17.8,1,Mobile,Silver,1
36,70.9,745.7,38.3,19.3,17,Mobile,Silver,0
42,80.3,486.2,12.5,20.3,25,Mobile,Silver,0
27,81.3,187.63,31.3,9.7,1,Mobile,Gold,0
28,97.7,728.16,12.7,10.2,13,Desktop,Gold,0
24,103.3,343.64,27.7,8.6,23,Mobile,Silver,0
39,54.9,317.44,28.5,21.7,24,Desktop,Gold,0
56,44.0,248.99,21.8,19.7,38,Mobile,Basic,2
47,55.5,53.96,33.6,11.4,38,Desktop,Basic,3
31,48.5,306.94,14.9,8.6,25,Desktop,Basic,0
41,46.4,50.0,16.5,16.8,14,Tablet,Silver,4
50,63.2,96.17,31.1,21.8,29,Mobile,Silver,1
39,88.5,424.8,13.3,15.2,28,Tablet,Gold,0
23,101.5,600.81,14.0,21.8,20,Desktop,Silver,0
31,89.2,194.71,12.7,18.3,26,Mobile,Silver,1
48,32.8,389.87,24.9,14.0,9,Mobile,Platinum,2
62,61.0,449.26,36.6,7.4,43,Desktop,Platinum,2
21,47.6,744.6,33.9,25.4,20,Tablet,Gold,0
35,60.1,315.59,26.7,9.7,11,Mobile,Platinum,0
44,66.5,362.81,28.4,10.9,16,Mobile,Basic,0
53,47.5,644.33,30.9,22.8,60,Desktop,Gold,0
22,51.3,504.03,11.4,18.1,1,Mobile,Gold,0
36,60.0,165.22,34.9,21.7,20,Mobile,Platinum,0
49,81.7,422.16,40.1,14.1,30,Mobile,Basic,2
52,27.5,175.29,18.0,7.5,13,Mobile,Basic,3
42,74.7,688.31,14.9,12.1,23,Desktop,Basic,0
45,57.3,195.31,10.9,11.0,19,Desktop,Silver,3
25,57.0,526.75,25.2,13.9,32,Desktop,Platinum,0
41,45.5,194.79,17.4,20.2,4,Desktop,Silver,1
31,64.3,749.68,37.1,11.2,26,Desktop,Platinum,0
54,56.6,303.72,36.9,27.1,27,Mobile,Silver,1
24,57.8,220.03,23.0,19.5,6,Mobile,Gold,4
43,54.3,492.7,31.3,16.2,22,Desktop,Silver,1
39,124.5,433.29,24.2,12.0,25,Desktop,Gold,0
33,44.0,191.83,26.2,26.8,32,Mobile,Silver,1
34,116.8,599.85,29.4,19.8,42,Desktop,Platinum,0
23,44.1,93.56,24.1,10.5,39,Desktop,Basic,3
31,67.5,399.54,41.2,22.2,26,Mobile,Gold,1
28,86.7,444.41,6.2,17.3,25,Mobile,Gold,0
18,58.0,318.02,30.9,20.1,7,Mobile,Silver,1
45,61.8,252.2,47.2,18.4,24,Desktop,Silver,1
36,77.3,429.02,26.6,21.0,34,Desktop,Gold,0
42,47.1,141.97,25.8,22.5,24,Mobile,Silver,1
31,51.4,249.18,20.0,16.8,33,Mobile,Silver,0
22,69.7,254.82,43.0,13.6,27,Mobile,Silver,2
27,51.3,259.14,19.0,13.5,38,Desktop,Silver,2
22,66.3,321.58,23.0,9.2,30,Mobile,Silver,2
18,25.9,251.15,26.0,18.8,17,Mobile,Basic,1
22,82.4,200.03,26.3,15.7,11,Tablet,Gold,1
35,73.0,381.08,22.7,11.4,29,Mobile,Gold,0
50,66.0,436.92,34.3,12.8,29,Mobile,Silver,2
34,49.3,360.92,33.9,15.5,35,Mobile,Gold,0
34,49.6,198.74,20.5,25.1,20,Mobile,Silver,1
28,91.8,404.24,34.7,12.6,11,Mobile,Silver,0
27,63.5,578.5,39.4,8.3,39,Desktop,Basic,0
18,64.4,79.47,33.1,21.5,20,Desktop,Basic,1
39,70.8,550.78,24.2,17.6,22,Tablet,Gold,0
40,37.9,385.89,38.7,13.2,35,Tablet,Basic,2
35,89.8,422.11,21.4,20.5,18,Desktop,Gold,0
41,50.0,454.07,23.4,12.5,26,Mobile,Platinum,0
30,50.7,396.39,27.4,12.6,2,Mobile,Silver,1
42,,369.16,14.4,17.2,32,Mobile,Gold,0
28,79.7,196.84,23.1,22.6,22,Mobile,Basic,0
26,51.6,268.01,47.3,18.7,41,Desktop,Silver,2
24,96.5,589.2,23.8,20.7,19,Mobile,Basic,0
29,86.5,338.92,33.4,19.3,19,Desktop,Silver,2
42,61.0,306.75,20.8,11.3,27,Tablet,Gold,0
27,73.6,141.65,26.2,20.9,7,Mobile,Gold,0
55,68.5,402.61,28.6,17.3,35,Desktop,Basic,2
31,78.2,387.03,19.6,16.0,25,Mobile,Basic,0
46,66.7,152.87,22.1,6.9,29,Mobile,Silver,0
31,105.9,289.07,25.1,17.9,42,Tablet,Silver,0
43,96.9,579.65,15.3,16.8,34,Mobile,Basic,0
35,82.0,340.99,25.1,6.9,29,Mobile,Basic,2
29,79.9,278.55,26.4,12.8,9,Mobile,Basic,0
28,39.1,323.17,29.1,13.1,35,Desktop,Silver,2
33,56.8,111.79,22.6,9.4,34,Tablet,Gold,3
35,91.3,327.2,10.8,10.1,37,Desktop,Basic,0
24,51.0,68.86,13.9,8.8,34,Desktop,Silver,3
19,74.9,420.48,12.7,15.1,21,Tablet,Basic,0
32,49.0,156.05,23.6,3.1,14,Mobile,Basic,4
40,49.5,236.44,44.1,8.2,44,Mobile,Silver,0
39,79.1,165.39,24.9,25.1,21,Mobile,Gold,1
54,58.2,302.18,33.2,19.1,26,Tablet,Silver,1
44,83.6,525.26,16.9,12.2,34,Mobile,Gold,0
25,55.4,192.07,21.8,22.8,34,Desktop,Basic,1
19,61.2,410.23,35.0,13.3,56,Desktop,Silver,2
29,76.2,268.09,32.2,14.4,28,Desktop,Platinum,0
32,86.7,509.62,17.0,10.3,24,Desktop,Gold,0
49,87.2,140.33,46.1,14.4,29,Mobile,Silver,2
22,89.4,181.1,19.9,15.8,6,Desktop,Silver,1
23,31.5,223.35,17.7,16.0,11,Mobile,Basic,4
46,56.4,277.9,11.3,9.7,41,Mobile,Gold,2
38,47.7,92.97,8.1,16.9,12,Mobile,Silver,4
40,73.9,259.3,18.5,9.8,49,Desktop,Platinum,2
21,62.2,631.61,29.0,15.9,16,Mobile,Gold,0
26,53.4,567.61,24.5,16.6,26,Desktop,Basic,0
51,59.4,287.38,20.7,6.3,13,Mobile,Silver,2
18,73.8,302.42,25.5,33.6,2,Mobile,Gold,1
43,77.2,169.16,25.8,16.7,1,Desktop,Gold,0
42,51.7,553.59,33.7,16.3,24,Mobile,Basic,0
24,54.9,132.01,21.4,8.6,13,Mobile,Silver,4
40,65.0,252.9,41.6,20.5,29,Mobile,Gold,1
41,62.2,295.08,23.4,8.2,13,Mobile,Gold,0
41,60.4,465.12,35.2,26.7,22,Desktop,Silver,1
42,79.2,480.85,29.3,11.6,15,Desktop,Gold,0
26,61.6,621.38,29.3,18.4,35,Desktop,Silver,0
38,57.8,497.26,34.9,13.3,26,Mobile,Gold,0
42,61.4,649.9,30.0,10.3,44,Mobile,Gold,0
59,75.9,119.65,23.3,13.1,1,Tablet,Gold,2
23,80.4,451.12,15.5,19.6,34,Mobile,Basic,0
54,60.6,98.98,32.4,8.7,24,Desktop,Gold,2
40,57.6,145.27,13.6,9.8,29,Tablet,Silver,3
61,51.5,597.01,34.5,17.5,16,Mobile,Gold,0
24,76.1,242.99,46.0,10.9,7,Tablet,Gold,1
26,62.5,257.8,25.1,28.5,33,Mobile,Silver,1
18,53.6,152.8,20.4,9.8,17,Desktop,Silver,3
18,73.4,304.45,13.1,9.4,29,Desktop,Gold,0
32,23.4,256.18,16.1,12.8,24,Tablet,Silver,1
28,69.2,238.66,41.2,22.1,16,Mobile,Gold,1
37,74.6,689.42,27.0,15.0,21,Desktop,Gold,0
32,51.9,314.7,23.5,21.7,21,Mobile,Silver,0
50,65.2,359.6,39.6,19.0,19,Mobile,Gold,1
53,84.2,433.58,26.8,11.9,42,Desktop,Gold,2
41,86.9,383.06,20.4,18.9,17,Desktop,Silver,0
47,60.4,250.39,28.8,25.2,18,Desktop,Silver,1
37,63.5,521.84,32.8,10.0,22,Tablet,Silver,0
53,52.9,155.94,37.3,7.5,34,Desktop,Basic,2
52,135.8,204.98,32.9,14.2,37,Desktop,Gold,0
44,36.7,166.38,20.8,9.3,21,Tablet,Basic,3
45,107.1,270.7,30.0,13.1,6,Mobile,Basic,0
36,58.3,213.34,18.7,9.9,16,Mobile,Silver,0
28,,539.03,27.1,13.8,21,Mobile,Silver,0
42,39.8,437.89,22.4,18.0,7,Tablet,Gold,0
18,35.7,270.82,35.1,21.1,24,Mobile,Gold,1
24,43.2,462.68,15.2,10.7,35,Tablet,Basic,0
47,52.5,259.26,33.6,12.8,12,Desktop,Silver,2
23,85.6,676.6,26.2,12.0,7,Tablet,Gold,0
21,82.5,667.65,21.8,12.2,32,Desktop,Basic,0
35,66.8,447.67,39.1,18.0,37,Desktop,Silver,0
41,45.0,530.97,20.9,7.3,26,Desktop,Platinum,0
34,68.4,819.99,15.5,19.4,24,Desktop,Platinum,0
26,74.0,241.06,20.2,14.8,5,Mobile,Gold,0
18,35.6,497.6,10.2,22.6,10,Desktop,Basic,1
41,61.4,246.33,30.0,17.8,21,Mobile,Gold,0
22,55.1,,33.1,23.1,10,Mobile,Gold,1
31,31.3,260.61,35.3,24.6,34,Desktop,Gold,1
31,61.8,595.54,32.6,9.6,33,Mobile,Gold,0
38,36.1,50.0,28.4,21.5,17,Mobile,Silver,1
29,53.2,164.69,23.6,13.4,18,Mobile,Basic,4
26,60.1,235.53,32.9,18.6,22,Mobile,Basic,1
24,27.3,263.48,45.4,11.2,19,Mobile,Silver,1
30,62.4,275.0,34.1,10.7,20,Desktop,Silver,0
60,83.6,141.31,33.5,5.3,31,Tablet,Gold,2
52,,94.88,32.8,12.4,16,Desktop,Gold,2
18,82.7,403.13,37.1,15.9,1,Desktop,Gold,1
25,61.5,267.84,19.1,12.1,15,Mobile,Silver,4
39,56.6,650.48,29.3,11.6,25,Desktop,Silver,0
51,88.9,683.5,26.2,18.8,39,Tablet,Silver,0
57,79.2,251.79,8.3,11.3,1,Mobile,Gold,2
32,45.8,276.08,35.4,16.2,38,Desktop,Gold,2
18,75.2,180.53,29.1,4.5,22,Mobile,Gold,0
45,85.1,507.12,30.6,13.2,26,Mobile,Gold,0
28,50.1,399.47,21.9,11.3,34,Mobile,Basic,0
47,93.2,632.44,20.3,18.9,11,Desktop,Platinum,0
41,61.0,275.14,24.7,10.0,15,Desktop,Platinum,2
34,57.9,285.47,30.9,18.2,32,Mobile,Gold,1
31,72.6,512.64,37.0,8.1,32,Tablet,Basic,0
46,45.3,422.83,16.5,17.2,20,Mobile,Silver,0
42,79.6,484.64,26.3,17.9,21,Mobile,Gold,0
18,38.8,138.06,30.4,17.8,38,Desktop,Silver,0
33,58.0,342.56,22.4,35.5,31,Mobile,Silver,1
27,50.2,285.25,11.0,13.1,3,Mobile,Platinum,4
70,31.0,528.18,12.7,6.7,5,Mobile,Silver,2
22,79.1,517.77,25.3,14.2,46,Tablet,Gold,0
42,33.5,147.49,15.4,9.7,32,Desktop,Basic,3
57,50.4,269.88,29.5,10.5,36,Tablet,Silver,2
36,69.3,493.66,22.9,15.7,29,Desktop,Platinum,2
32,61.3,401.36,32.4,22.9,14,Mobile,Gold,1
36,72.5,596.69,20.2,6.1,25,Tablet,Gold,0
47,106.8,433.91,25.3,17.6,21,Mobile,Platinum,0
45,89.5,571.53,23.4,24.6,30,Mobile,Gold,0
34,77.3,331.85,22.7,14.2,25,Mobile,Silver,0
31,74.6,605.29,41.4,18.4,9,Desktop,Silver,0
38,72.8,270.26,26.4,30.5,19,Mobile,Platinum,1
32,97.5,155.51,5.0,15.1,44,Mobile,Silver,2
31,50.0,226.27,44.1,13.7,21,Mobile,Basic,1
47,82.6,636.17,29.5,17.1,28,Mobile,Platinum,0
18,59.4,292.94,19.5,9.8,3,Mobile,Silver,4
18,49.7,81.81,22.4,9.5,20,Desktop,Basic,3
34,38.0,307.22,17.7,11.3,34,Desktop,Basic,2
18,34.7,190.94,22.1,15.5,28,Mobile,Gold,4
27,52.7,176.73,17.5,21.4,10,Mobile,Silver,1
32,35.9,134.36,21.2,9.3,11,Mobile,Basic,4
29,76.0,419.71,26.8,11.9,22,Mobile,Gold,0
46,98.7,,25.6,3.0,29,Mobile,Basic,0
18,84.9,232.71,25.9,19.5,18,Desktop,Platinum,0
47,60.1,540.06,14.6,20.2,35,Mobile,Gold,0
21,67.2,616.55,26.0,7.2,11,Mobile,Platinum,0
47,63.8,156.6,12.3,16.2,1,Mobile,Silver,1
24,60.9,520.55,34.7,11.4,28,Desktop,Basic,2
35,74.9,217.98,28.1,14.3,20,Desktop,Gold,1
23,77.9,348.4,33.1,14.2,6,Tablet,Silver,0
48,53.7,273.91,19.1,10.4,17,Mobile,Gold,2
33,56.0,374.57,40.9,24.2,22,Mobile,Silver,1
27,90.0,461.0,31.9,20.0,15,Mobile,Platinum,0
28,45.4,398.48,30.5,20.1,10,Desktop,Basic,1
42,54.9,518.24,28.9,12.9,28,Mobile,Platinum,0
35,76.2,469.49,25.5,9.5,22,Desktop,Platinum,0
54,59.3,76.48,18.8,9.1,28,Tablet,Basic,3
37,99.6,486.15,18.4,12.7,31,Mobile,Silver,0
32,72.1,410.7,27.8,26.4,19,Mobile,Basic,1
31,63.8,118.72,11.1,5.5,28,Mobile,Basic,3
18,53.6,380.03,18.5,16.0,48,Desktop,Basic,2
45,75.0,240.83,23.9,10.7,37,Mobile,Platinum,0
36,48.8,336.93,37.4,15.3,35,Desktop,Gold,0
18,71.2,696.72,32.6,21.6,24,Mobile,Silver,0
19,69.5,331.32,29.3,23.0,19,Desktop,Gold,1
24,80.5,199.67,26.1,18.0,8,Desktop,Basic,0
37,69.4,274.16,24.6,6.7,21,Mobile,Platinum,0
24,46.4,155.25,9.0,10.5,22,Mobile,Silver,4
52,33.5,239.16,29.8,19.5,19,Mobile,Silver,1
28,107.9,357.6,28.1,20.2,30,Desktop,Gold,0
21,46.1,333.56,9.3,28.5,21,Mobile,Silver,1
18,47.8,360.74,9.2,24.7,14,Desktop,Basic,1
38,60.8,543.74,6.4,12.7,26,Mobile,Silver,0
43,50.0,439.87,26.2,15.1,38,Tablet,Basic,0
44,74.4,342.73,33.5,17.6,32,Desktop,Gold,2
48,48.1,383.64,32.5,26.7,24,Desktop,Gold,1
35,60.3,264.12,27.5,30.6,23,Mobile,Basic,1
46,60.3,227.7,13.7,6.4,8,Desktop,Silver,0
35,67.7,233.49,23.9,6.3,20,Desktop,Platinum,0
56,88.3,418.53,30.6,12.4,14,Mobile,Gold,0
31,81.1,309.56,30.2,13.5,32,Mobile,Platinum,0
52,61.7,652.33,34.4,23.9,26,Desktop,Silver,0
32,58.7,421.53,17.1,17.6,17,Desktop,Silver,0
53,65.3,372.21,28.1,10.3,30,Tablet,Platinum,2
32,46.5,233.58,13.0,9.6,9,Desktop,Basic,4
54,41.3,406.87,24.5,9.3,8,Mobile,Gold,2
39,35.8,158.79,17.7,9.6,27,Desktop,Platinum,3
35,64.6,213.79,16.1,18.6,20,Mobile,Gold,0
23,31.1,62.43,13.8,15.6,11,Mobile,Silver,4
41,68.0,265.22,22.8,24.2,45,Mobile,Platinum,0
30,51.8,196.81,20.6,12.8,12,Mobile,Basic,4
34,47.6,224.02,16.3,7.8,13,Desktop,Platinum,4
32,41.1,506.73,24.2,9.0,54,Mobile,Gold,2
31,45.2,144.59,20.8,10.7,16,Desktop,Silver,4
25,63.7,167.21,34.5,20.9,22,Mobile,Basic,1
32,116.7,314.81,32.8,9.8,30,Desktop,Platinum,0
30,77.8,490.05,39.3,10.6,17,Mobile,Platinum,0
31,74.3,50.0,24.0,9.5,6,Mobile,Silver,1
45,73.4,563.81,10.9,20.2,14,Mobile,Basic,0
26,64.1,311.64,30.8,11.8,19,Mobile,Gold,1
39,37.5,200.52,27.2,9.3,23,Mobile,Silver,4
30,,645.69,35.2,22.2,24,Mobile,Platinum,0
34,89.7,562.4,18.8,7.8,31,Mobile,Gold,2
43,41.1,155.04,14.4,12.3,26,Mobile,Gold,3
26,51.0,50.0,16.1,11.0,3,Desktop,Basic,3
39,47.1,157.4,23.7,10.4,17,Desktop,Basic,4
32,46.5,309.41,37.7,18.9,13,Mobile,Silver,1
30,33.5,250.38,17.5,12.4,21,Mobile,Basic,4
48,60.9,229.34,33.4,14.8,32,Mobile,Basic,2
34,88.8,212.48,,13.0,23,Mobile,Basic,0
28,36.3,268.2,24.6,23.0,9,Mobile,Silver,1
37,71.5,380.51,24.2,10.9,8,Tablet,Gold,2
49,88.7,547.72,12.2,12.0,20,Desktop,Silver,0
49,92.1,175.41,31.2,27.9,15,Mobile,Silver,1
46,54.7,207.07,32.8,20.9,20,Desktop,Silver,1
34,107.4,534.62,27.8,14.4,36,Desktop,Basic,0
33,38.2,183.45,34.2,14.6,17,Mobile,Gold,1
36,96.0,421.22,37.2,3.0,35,Desktop,Silver,2
18,76.7,444.44,9.8,22.9,24,Mobile,Basic,1
42,62.7,417.41,31.5,23.8,30,Tablet,Platinum,0
36,64.7,298.41,33.9,14.2,38,Tablet,Basic,0
32,62.0,513.12,24.4,9.0,46,Desktop,Silver,0
53,31.1,69.88,17.9,7.4,52,Tablet,Basic,3
40,80.3,456.05,34.9,10.9,45,Desktop,Silver,0
18,49.3,289.33,25.1,18.9,4,Desktop,Basic,1
35,61.2,648.64,15.2,13.2,18,Desktop,Platinum,0
34,38.1,579.76,23.3,15.6,15,Desktop,Platinum,0
33,98.0,119.48,18.5,17.9,40,Desktop,Silver,2
51,70.1,379.32,32.2,14.0,60,Mobile,Basic,2
23,74.0,729.43,32.9,12.3,24,Mobile,Basic,0
22,55.6,472.42,21.0,9.8,30,Tablet,Gold,0
34,43.6,138.73,20.4,7.1,2,Mobile,Platinum,0
29,51.6,166.22,34.1,19.2,10,Mobile,Silver,1
27,50.7,236.77,30.6,19.5,20,Desktop,Gold,1
45,58.0,373.71,30.2,18.4,16,Mobile,Gold,0
40,74.5,242.33,21.5,25.9,26,Mobile,Gold,0
43,24.3,449.96,30.0,19.2,14,Mobile,Gold,0
38,43.5,63.18,31.0,10.1,43,Mobile,Silver,3
38,54.0,116.73,20.7,7.9,28,Mobile,Gold,4
48,43.4,337.6,23.0,26.2,11,Mobile,Silver,0
57,51.9,329.32,34.9,11.4,33,Mobile,Gold,2
33,79.8,580.23,18.7,3.0,32,Desktop,Platinum,0
38,63.7,525.03,31.8,15.3,54,Desktop,Silver,0
30,84.4,144.41,16.0,9.5,34,Mobile,Basic,2
37,46.4,194.37,24.8,9.0,57,Mobile,Gold,3
32,36.4,220.52,21.2,9.2,7,Mobile,Silver,4
50,68.3,215.92,34.3,27.6,4,Mobile,Basic,1
35,74.0,403.38,22.4,16.9,38,Desktop,Silver,0
70,94.2,430.92,46.1,10.8,18,Mobile,Silver,2
36,81.0,480.13,24.9,15.7,45,Desktop,Gold,0
34,25.9,98.61,50.8,16.8,12,Mobile,Basic,1
37,86.0,551.53,39.2,22.5,14,Mobile,Platinum,0
30,35.3,110.69,29.7,14.3,27,Desktop,Basic,1
49,45.3,341.31,26.4,16.6,37,Desktop,Platinum,0
44,76.9,495.51,27.6,7.7,22,Tablet,Gold,0
26,31.0,108.27,33.8,7.5,44,Desktop,Silver,3
28,85.3,479.25,18.1,11.7,29,Mobile,Platinum,0
31,67.0,262.75,27.0,15.5,10,Mobile,Silver,1
49,108.7,422.46,27.9,15.5,5,Desktop,Silver,0
31,112.8,414.51,40.6,12.6,47,Desktop,Gold,0
30,86.5,703.91,23.8,13.3,21,Desktop,Platinum,0
51,92.1,667.15,27.5,15.2,29,Mobile,Platinum,0
61,55.5,50.0,26.2,6.2,40,Mobile,Platinum,3
44,81.6,531.55,33.8,12.5,34,Desktop,Gold,0
19,52.9,123.08,12.0,13.4,16,Tablet,Basic,4
46,48.8,266.59,32.1,14.8,11,Mobile,Gold,1
47,87.1,217.87,29.2,17.6,29,Desktop,Basic,0
30,38.1,414.62,29.0,14.7,23,Mobile,Basic,1
27,43.0,188.78,38.1,19.3,31,Mobile,Silver,1
47,105.8,419.03,56.9,13.3,34,Desktop,Silver,2
37,66.9,429.48,24.5,14.1,49,Mobile,Basic,0
31,78.4,389.41,31.3,15.9,21,Desktop,Silver,0
35,49.1,60.88,30.0,12.6,48,Desktop,Silver,3
23,77.7,73.62,18.1,12.1,39,Mobile,Gold,3
31,88.0,118.03,18.9,7.9,31,Desktop,Platinum,3
39,110.3,360.74,25.3,11.8,28,Mobile,Basic,0
26,67.2,405.87,44.7,13.9,23,Desktop,Silver,2
18,88.8,308.78,24.2,14.2,9,Mobile,Platinum,1
25,78.7,277.01,15.5,33.9,7,Desktop,Silver,1
39,65.6,265.29,17.3,10.5,24,Tablet,Silver,0
34,52.3,276.08,19.5,21.8,31,Mobile,Basic,1
36,97.4,315.79,36.6,17.1,24,Mobile,Gold,0
40,83.6,309.68,28.7,16.4,22,Mobile,Gold,0
44,48.0,89.27,23.5,9.4,7,Desktop,Basic,3
23,80.6,458.24,22.1,24.8,26,Desktop,Platinum,0
33,74.6,668.78,33.7,24.8,27,Mobile,Basic,0
23,90.3,362.11,5.0,27.3,17,Mobile,Platinum,0
31,75.1,59.59,28.0,8.2,9,Desktop,Silver,3
43,61.6,339.91,17.7,20.7,9,Mobile,Basic,1
47,67.3,418.2,15.9,15.0,33,Desktop,Gold,0
37,50.7,453.4,35.3,11.3,24,Desktop,Gold,2
55,62.0,213.82,42.5,12.5,19,Desktop,Silver,2
31,113.5,362.3,36.6,14.3,10,Tablet,Gold,0
26,31.9,194.4,21.1,8.6,33,Mobile,Silver,1
48,46.6,50.0,54.6,12.8,21,Desktop,Silver,2
52,82.0,355.32,18.8,29.1,22,Desktop,Gold,1
20,51.0,373.47,30.1,8.1,22,Tablet,Silver,0
50,34.8,192.33,11.9,13.3,20,Tablet,Silver,3
34,67.1,319.15,37.8,22.8,5,Mobile,Silver,1
24,69.2,477.49,27.0,20.3,40,Mobile,Platinum,0
38,85.3,464.3,31.1,17.4,23,Mobile,Gold,0
50,47.9,572.04,36.5,5.5,26,Desktop,Platinum,0
39,77.7,285.86,43.9,12.5,29,Mobile,Silver,0
33,33.2,491.9,22.5,9.9,14,Mobile,Silver,2
45,81.0,364.23,31.8,15.0,24,Mobile,Basic,0
20,73.6,498.23,35.7,11.2,51,Mobile,Gold,0
22,80.6,404.32,30.2,20.9,6,Mobile,Gold,1
43,102.0,457.22,32.7,24.2,27,Mobile,Basic,0
22,38.8,235.39,17.0,13.3,3,Desktop,Silver,4
24,75.3,171.81,14.6,19.0,20,Mobile,Platinum,0
53,83.6,529.59,16.4,13.1,15,Mobile,Basic,0
24,88.3,579.68,28.2,10.9,28,Desktop,Silver,0
22,52.6,467.29,26.6,14.6,11,Mobile,Platinum,0
46,41.3,227.51,24.1,8.7,39,Desktop,Silver,0
58,92.2,595.32,28.7,7.9,28,Mobile,Basic,2
29,44.3,139.82,16.5,14.2,23,Mobile,Basic,4
34,51.3,432.04,26.2,17.6,25,Desktop,Silver,0
42,64.9,380.48,32.4,27.7,19,Tablet,Silver,1
65,98.3,427.07,32.6,14.8,45,Desktop,Basic,2
62,59.8,,31.1,14.6,51,Mobile,Gold,2
42,93.3,391.59,37.0,18.5,26,Tablet,Gold,0
46,126.8,274.66,18.6,28.4,29,Mobile,Platinum,0
47,127.2,350.22,24.2,13.2,33,Desktop,Gold,0
55,120.4,275.28,20.5,17.9,32,Desktop,Basic,2
48,50.8,218.09,26.1,7.7,40,Desktop,Silver,2
40,73.2,613.98,14.0,11.5,20,Desktop,Platinum,0
56,58.9,240.75,39.3,7.8,32,Mobile,Silver,0
34,63.5,58.91,24.0,12.3,10,Desktop,Basic,3
53,59.2,403.99,21.8,16.5,47,Tablet,Gold,2
20,31.8,169.87,17.5,16.3,22,Desktop,Silver,4
33,88.7,247.24,39.2,11.9,1,Desktop,Gold,2
30,67.6,426.07,9.6,3.2,40,Desktop,Silver,0
48,83.2,,13.9,13.5,14,Mobile,Silver,1
30,31.7,175.95,27.8,22.1,9,Desktop,Gold,1
35,62.0,249.99,38.6,18.2,36,Tablet,Basic,0
31,52.0,329.07,11.7,13.3,10,Mobile,Silver,1
49,66.8,531.07,50.3,6.9,32,Desktop,Platinum,2
24,56.7,486.06,17.4,15.8,21,Tablet,Platinum,0
47,44.0,370.47,20.1,12.6,50,Desktop,Gold,2
42,29.7,451.89,19.4,25.3,25,Desktop,Basic,1
32,70.7,215.47,17.3,9.9,1,Mobile,Basic,4
38,46.5,414.15,29.6,18.4,2,Mobile,Platinum,0
33,27.7,674.04,26.4,7.3,29,Mobile,Platinum,0
36,77.0,249.03,30.1,16.1,24,Desktop,Basic,1
27,57.1,439.83,15.2,23.0,47,Mobile,Silver,0
49,54.4,502.71,20.9,14.2,32,Desktop,Basic,2
56,66.9,362.65,20.1,16.6,46,Desktop,Platinum,2
31,72.5,662.13,15.9,18.0,17,Mobile,Basic,0
53,56.1,406.04,22.4,12.5,16,Mobile,Gold,1
41,51.2,71.86,35.5,14.7,14,Mobile,Silver,1
29,86.6,367.16,22.7,12.0,3,Tablet,Gold,0
30,66.3,98.2,15.5,11.6,6,Mobile,Gold,3
58,93.3,433.22,20.7,7.0,8,Desktop,Gold,2
25,52.6,388.06,37.8,22.6,24,Tablet,Gold,1
48,65.0,447.94,31.3,8.5,38,Mobile,Silver,2
35,66.0,269.58,38.1,19.6,25,Mobile,Basic,1
49,45.0,230.29,24.0,10.1,39,Desktop,Basic,3
43,77.6,235.92,17.8,16.3,15,Mobile,Platinum,1
67,113.3,394.81,28.1,10.6,42,Desktop,Silver,2
57,66.8,161.62,19.7,7.8,28,Mobile,Silver,3
33,58.5,602.08,20.6,16.6,16,Mobile,Gold,0
51,36.9,283.79,29.9,13.0,33,Mobile,Gold,2
33,75.6,479.3,24.5,18.6,25,Desktop,Basic,0
37,67.3,292.13,26.2,21.0,29,Desktop,Silver,0
32,89.3,394.68,27.8,12.4,18,Mobile,Platinum,0
18,54.1,229.61,20.6,13.1,9,Desktop,Silver,4
28,58.0,163.75,16.7,9.1,35,Mobile,Gold,3
25,41.1,221.33,11.8,16.3,1,Mobile,Platinum,2
49,82.9,311.83,22.0,12.9,30,Desktop,Silver,2
21,65.1,285.04,37.5,21.6,17,Mobile,Silver,1
63,57.4,123.92,23.8,12.5,34,Mobile,Platinum,3
23,87.1,304.62,50.1,21.1,16,Mobile,Gold,1
36,51.0,549.03,21.1,12.8,18,Mobile,Platinum,0
39,44.3,418.37,32.8,8.8,26,Mobile,Basic,0
67,28.7,449.53,23.7,9.9,13,Desktop,Platinum,2
41,67.4,327.86,10.0,10.0,43,Desktop,Silver,2
31,60.5,445.82,16.3,13.1,23,Desktop,Gold,0
32,112.8,422.41,31.6,24.7,26,Desktop,Basic,0
37,59.0,608.05,17.0,13.2,17,Desktop,Silver,2
38,70.5,352.53,27.5,23.5,13,Desktop,Gold,0
63,71.8,502.25,18.9,9.3,41,Mobile,Platinum,2
18,42.8,106.08,21.0,11.2,10,Mobile,Silver,4
46,119.0,570.33,18.8,10.6,36,Mobile,Silver,0
18,77.0,578.11,27.2,19.7,48,Desktop,Silver,0
48,85.9,270.56,42.6,16.2,52,Mobile,Silver,2
51,27.7,306.3,29.7,21.5,35,Mobile,Platinum,2
18,56.5,,20.3,12.9,13,Mobile,Silver,1
20,51.5,243.11,18.7,9.7,20,Mobile,Basic,4
45,82.1,432.11,12.4,11.3,48,Mobile,Silver,0
32,60.8,130.28,31.7,9.9,19,Mobile,Basic,1
56,59.8,411.58,32.6,17.1,12,Desktop,Platinum,2
34,32.8,150.33,13.5,11.6,55,Desktop,Silver,3
28,90.3,278.37,23.1,23.7,17,Desktop,Gold,0
59,37.1,418.28,26.6,16.4,5,Desktop,Platinum,2
18,39.1,96.98,22.7,23.3,20,Mobile,Silver,1
46,74.6,455.06,32.5,10.0,27,Mobile,Gold,0
42,84.5,434.82,23.9,17.6,33,Desktop,Platinum,0
41,66.8,152.93,7.5,5.8,45,Desktop,Basic,3
46,74.9,455.59,18.1,16.8,31,Mobile,Silver,0
61,73.1,347.45,30.7,14.7,11,Mobile,Gold,0
51,84.9,408.47,25.9,19.5,26,Desktop,Gold,0
47,35.9,112.66,23.4,7.5,46,Mobile,Basic,3
25,68.4,199.51,12.0,26.5,14,Mobile,Basic,1
67,50.5,333.96,24.0,7.1,19,Desktop,Silver,2
36,124.7,343.66,18.1,22.7,37,Mobile,Gold,0
53,53.7,236.93,41.4,19.9,6,Mobile,Silver,1
18,39.1,227.23,18.4,23.5,10,Mobile,Silver,1
57,36.9,50.0,39.1,8.6,56,Desktop,Gold,2
56,51.7,126.2,29.0,10.3,18,Mobile,Silver,3
48,101.8,629.73,34.3,14.6,23,Desktop,Silver,0
26,61.1,305.4,16.6,9.5,18,Mobile,Basic,1
46,79.5,563.78,28.6,13.4,12,Mobile,Basic,0
35,56.5,371.52,28.5,18.2,16,Desktop,Silver,1
46,50.7,570.59,10.2,19.9,16,Mobile,Gold,0
23,84.4,344.86,18.3,22.0,51,Mobile,Gold,0
53,43.8,404.33,25.4,24.6,35,Mobile,Silver,0
44,45.4,301.67,16.3,23.4,23,Desktop,Basic,1
41,89.8,393.2,26.4,15.3,22,Tablet,Gold,0
47,92.6,489.74,17.4,15.9,48,Tablet,Silver,2
40,58.0,392.71,31.0,12.5,36,Desktop,Basic,0
48,97.9,746.97,24.3,15.9,28,Tablet,Silver,0
23,69.5,170.93,19.3,14.9,27,Desktop,Platinum,2
46,70.2,156.76,26.8,4.2,7,Mobile,Silver,0
30,54.2,239.11,37.3,11.6,1,Mobile,Silver,0
21,67.8,235.18,18.5,22.7,29,Tablet,Gold,1
40,25.9,282.75,25.4,13.8,20,Mobile,Platinum,0
25,46.9,751.17,25.2,18.2,24,Mobile,Gold,0
24,44.7,507.93,26.5,19.7,33,Desktop,Silver,0
51,60.4,232.47,34.3,12.1,36,Mobile,Silver,3
25,67.1,194.35,35.9,20.9,9,Tablet,Basic,1
32,78.5,288.24,30.9,22.0,23,Desktop,Basic,1
19,40.6,212.89,34.7,21.0,17,Desktop,Gold,1
32,54.3,327.04,13.3,15.7,14,Mobile,Basic,0
45,93.6,441.79,35.1,4.9,47,Mobile,Gold,0
54,67.3,234.12,24.1,14.4,39,Mobile,Gold,2
26,78.9,565.48,25.0,22.4,24,Mobile,Gold,0
35,88.4,632.88,14.2,9.4,20,Mobile,Gold,0
34,87.4,596.54,26.4,20.8,10,Desktop,Silver,0
35,49.8,251.62,18.5,15.0,30,Desktop,Basic,0
25,62.7,404.15,15.6,13.9,18,Mobile,Gold,4
36,88.1,521.82,21.2,21.6,26,Desktop,Basic,0
27,99.0,268.38,32.5,21.1,17,Mobile,Silver,1
41,39.8,255.29,39.6,8.7,1,Desktop,Silver,0
18,36.5,83.34,16.4,10.3,11,Mobile,Silver,4
34,81.8,302.97,28.9,13.0,28,Mobile,Silver,0
48,116.4,423.49,17.8,22.5,47,Mobile,Silver,0
44,28.2,312.15,43.4,11.3,14,Mobile,Gold,2
44,37.1,215.24,34.6,12.5,18,Mobile,Silver,2
27,98.3,567.43,24.8,15.7,24,Mobile,Gold,0
44,82.1,410.54,21.1,19.2,22,Mobile,Basic,0
43,42.8,396.69,33.6,14.2,27,Desktop,Gold,0
31,72.4,585.71,32.5,14.6,23,Desktop,Gold,0
46,88.9,288.2,22.8,13.9,41,Desktop,Silver,0
25,46.2,328.15,45.7,18.7,1,Mobile,Basic,1
20,57.7,451.85,5.4,13.1,10,Mobile,Silver,0
24,84.4,629.48,22.1,12.0,19,Mobile,Silver,0
18,31.1,443.2,23.1,3.0,12,Mobile,Basic,1
18,48.7,196.13,18.3,11.8,12,Tablet,Silver,4
18,53.7,381.89,48.1,18.6,17,Desktop,Silver,1
30,88.9,326.58,27.6,19.9,9,Desktop,Silver,0
41,95.7,577.27,22.3,26.0,26,Mobile,Silver,0
24,57.5,163.91,24.6,14.2,7,Mobile,Basic,4
37,59.4,461.17,22.8,14.2,49,Mobile,Basic,0
31,36.3,602.37,33.1,5.1,16,Desktop,Gold,0
32,55.3,186.14,6.0,32.3,8,Mobile,Gold,1
43,57.1,295.34,5.0,15.0,25,Mobile,Gold,1
18,57.3,50.0,18.5,30.6,32,Desktop,Gold,1
18,60.2,405.72,19.2,13.2,40,Mobile,Basic,0
42,46.6,323.97,19.1,15.3,20,Mobile,Basic,0
25,40.0,114.33,21.7,10.6,20,Mobile,Basic,4
33,72.4,563.16,21.6,18.7,28,Mobile,Silver,0
41,38.3,277.87,29.5,18.8,14,Mobile,Silver,1
63,54.2,333.35,26.8,16.4,59,Mobile,Gold,2
19,29.0,102.6,22.0,7.5,29,Mobile,Gold,1
46,53.6,327.0,9.5,18.9,14,Desktop,Basic,0
35,95.1,655.63,24.8,16.9,13,Mobile,Gold,0
33,47.7,399.92,32.0,24.6,22,Desktop,Silver,1
45,35.6,70.54,21.0,12.7,51,Tablet,Basic,3
18,50.4,144.48,22.1,13.0,37,Mobile,Basic,3
38,94.8,471.51,12.4,9.8,32,Desktop,Basic,0
46,51.0,387.86,20.8,16.8,33,Mobile,Silver,0
53,22.2,116.78,11.5,8.1,1,Mobile,Basic,3
63,57.2,245.07,31.0,7.8,13,Desktop,Silver,2
31,66.0,137.8,10.1,7.2,50,Desktop,Gold,3
21,120.6,364.3,37.6,13.5,34,Desktop,Gold,0
25,39.6,271.88,17.0,21.4,10,Mobile,Gold,1
22,95.8,373.84,28.3,16.4,43,Mobile,Basic,2
23,46.9,168.7,15.4,23.5,22,Desktop,Silver,1
43,92.3,138.31,22.5,19.8,10,Tablet,Gold,0
39,82.4,539.84,26.4,7.7,30,Mobile,Gold,0
49,64.6,141.97,21.8,16.6,12,Mobile,Silver,1
46,95.9,542.9,25.4,19.7,21,Desktop,Silver,0
36,42.7,238.23,22.6,32.1,18,Tablet,Silver,1
18,61.2,151.37,29.0,10.7,23,Mobile,Basic,4
32,34.4,540.13,27.5,10.0,24,Mobile,Gold,0
28,57.6,353.08,27.5,15.6,37,Mobile,Gold,2
36,68.9,669.31,26.4,11.7,34,Desktop,Basic,0
39,40.2,245.15,26.7,27.4,20,Mobile,Gold,1
31,63.6,171.11,18.7,6.5,9,Mobile,Basic,4
48,58.2,568.02,26.5,15.2,42,Mobile,Silver,0
24,35.8,270.79,25.1,11.4,35,Mobile,Silver,0
32,73.0,387.23,18.2,19.9,17,Desktop,Basic,0
38,57.1,563.25,29.3,15.9,19,Mobile,Basic,0
29,64.1,465.97,35.9,10.5,46,Mobile,Silver,2
69,45.3,154.58,5.0,6.2,29,Desktop,Basic,3
41,94.3,445.65,17.0,12.4,27,Desktop,Silver,0
42,,176.15,38.7,13.9,57,Mobile,Platinum,0
39,34.6,603.92,45.5,4.6,21,Tablet,Silver,0
72,73.4,628.43,29.5,13.8,35,Desktop,Gold,2
43,50.4,407.32,19.9,15.4,20,Mobile,Gold,0
18,30.6,379.42,20.3,22.4,15,Mobile,Gold,1
65,89.2,248.48,25.5,38.8,7,Desktop,Basic,1
32,23.7,329.66,20.3,28.6,3,Tablet,Platinum,1
36,30.7,126.84,18.3,11.5,42,Desktop,Silver,0
40,78.3,255.69,20.9,4.7,35,Mobile,Platinum,2
38,90.5,482.24,41.2,15.9,36,Mobile,Silver,0
42,73.2,574.81,27.8,11.0,37,Desktop,Basic,0
59,44.2,177.8,22.8,12.6,16,Mobile,Silver,3
67,20.7,303.88,19.6,14.7,59,Desktop,Silver,2
21,49.0,316.03,26.0,9.9,15,Mobile,Gold,0
24,67.0,404.33,,10.5,15,Desktop,Platinum,0
41,91.0,664.31,28.8,15.7,31,Mobile,Basic,0
18,92.9,481.72,31.2,3.0,23,Desktop,Silver,0
41,79.7,385.21,28.2,10.4,23,Desktop,Silver,0
50,96.3,226.45,31.9,15.9,39,Mobile,Platinum,0
35,22.5,203.26,33.7,26.8,12,Mobile,Silver,1
64,89.5,434.77,31.7,18.2,18,Desktop,Silver,2
44,33.5,226.86,46.9,22.5,26,Desktop,Basic,1
18,20.0,352.68,44.3,18.5,13,Mobile,Gold,1
34,108.9,396.96,19.8,19.1,15,Mobile,Silver,0
29,48.8,277.44,23.1,14.2,18,Tablet,Basic,4
31,20.0,501.05,34.1,11.5,46,Desktop,Platinum,2
35,49.5,240.26,33.1,5.7,18,Mobile,Silver,2
36,20.0,428.75,21.8,7.6,11,Mobile,Silver,2
69,20.0,97.47,20.7,7.7,31,Desktop,Basic,3
19,20.0,150.15,33.9,19.3,26,Mobile,Gold,1
30,67.3,732.65,30.5,24.5,34,Mobile,Silver,0
34,53.9,270.64,27.9,7.7,31,Desktop,Basic,1
44,33.9,412.63,20.3,14.2,43,Desktop,Gold,2
40,51.2,256.07,27.8,11.2,18,Tablet,Platinum,2
18,53.0,236.58,18.6,25.0,36,Mobile,Gold,1
34,105.8,273.95,31.3,7.8,44,Desktop,Silver,0
52,72.9,342.09,26.6,14.1,19,Mobile,Silver,0
23,58.3,169.55,25.2,11.0,16,Tablet,Basic,3
34,69.3,221.38,31.2,19.1,35,Desktop,Gold,1
18,58.1,264.5,28.4,10.6,7,Desktop,Silver,1
29,67.0,717.16,22.6,14.4,23,Desktop,Silver,0
28,74.4,516.66,40.5,8.4,34,Mobile,Gold,0
49,74.7,81.75,21.7,11.2,35,Desktop,Gold,3
38,38.6,296.4,25.2,12.6,13,Desktop,Gold,1
29,44.4,444.21,32.6,15.5,51,Mobile,Gold,2
33,84.9,556.44,34.6,23.2,25,Desktop,Silver,1
44,61.4,248.2,14.8,24.4,20,Mobile,Basic,1
28,52.4,549.21,12.2,16.5,34,Mobile,Platinum,0
29,77.9,506.07,22.8,14.0,54,Mobile,Gold,2
45,60.2,255.27,31.5,13.0,20,Mobile,Basic,0
49,108.2,719.25,33.7,17.3,7,Mobile,Basic,0
30,93.8,236.44,45.1,20.3,1,Desktop,Silver,1
39,68.5,50.0,10.3,10.6,35,Desktop,Silver,3
23,79.3,540.11,10.0,14.8,20,Desktop,Basic,0
30,74.2,422.73,37.8,7.5,7,Mobile,Gold,2
64,84.2,458.72,23.6,8.9,31,Mobile,Basic,0
36,79.4,189.11,31.7,10.8,22,Tablet,Gold,0
48,110.6,194.93,25.2,16.4,6,Mobile,Basic,0
43,77.3,479.12,17.7,17.1,34,Mobile,Basic,0
34,45.7,236.39,32.2,20.3,27,Tablet,Gold,1
30,50.6,503.91,21.2,18.9,24,Mobile,Gold,0
34,42.4,157.96,21.4,16.7,30,Desktop,Basic,1
31,30.9,126.57,20.2,8.5,26,Mobile,Gold,3
45,88.4,537.63,15.5,29.4,37,Mobile,Gold,0
57,54.0,324.74,12.9,7.0,37,Desktop,Gold,2
42,73.7,388.99,27.3,19.1,24,Mobile,Gold,0
20,54.8,290.6,29.2,27.7,26,Mobile,Silver,1
18,118.0,406.9,23.5,14.7,29,Mobile,Silver,0
48,86.3,306.18,30.9,17.6,17,Mobile,Platinum,0
33,70.0,85.78,20.8,18.6,24,Desktop,Silver,0
32,50.6,780.9,16.6,19.4,15,Mobile,Gold,0
23,85.4,510.79,34.2,14.8,51,Tablet,Gold,0
18,43.9,331.97,29.2,21.1,10,Tablet,Gold,1
42,51.8,60.98,24.5,4.9,31,Desktop,Silver,3
54,45.3,579.98,40.4,8.6,23,Desktop,Silver,2
18,36.9,265.62,8.3,20.1,30,Mobile,Basic,1
29,107.8,364.53,37.2,12.0,33,Mobile,Platinum,0
27,81.5,383.92,19.5,22.4,31,Mobile,Platinum,0
33,70.0,500.59,30.1,14.8,14,Desktop,Platinum,0
21,32.3,494.68,18.4,17.2,15,Desktop,Basic,0
34,48.2,455.19,39.5,28.1,18,Mobile,Gold,1
50,53.7,140.25,10.0,30.0,23,Desktop,Silver,1
18,67.8,414.59,30.9,11.5,10,Desktop,Silver,0
28,64.0,545.17,19.4,6.5,5,Tablet,Silver,0
42,74.5,140.33,14.1,21.0,48,Mobile,Gold,2
42,65.0,520.86,31.6,14.1,27,Desktop,Gold,2
35,60.1,432.96,16.4,14.8,25,Mobile,Silver,0
22,57.5,151.86,17.0,11.6,36,Desktop,Basic,3
22,65.7,181.98,12.9,10.6,6,Mobile,Silver,4
49,56.3,575.5,25.2,16.4,17,Desktop,Platinum,0
20,55.7,368.86,19.0,21.3,24,Mobile,Basic,0
26,49.8,172.47,21.9,24.6,20,Mobile,Basic,1
39,46.9,145.86,23.1,5.3,26,Desktop,Basic,3
52,40.8,114.16,5.2,12.9,38,Desktop,Silver,3
23,92.8,671.9,13.0,14.1,20,Mobile,Gold,0
53,72.7,,24.5,17.5,1,Mobile,Silver,0
27,70.3,308.87,13.6,20.4,10,Mobile,Silver,1
39,75.0,492.01,15.3,24.6,26,Mobile,Silver,1
24,64.5,480.39,35.9,20.5,5,Desktop,Silver,0
29,49.1,50.0,28.1,4.3,5,Desktop,Silver,3
29,54.2,370.83,32.9,17.8,13,Mobile,Basic,1
44,55.4,219.76,19.9,14.5,43,Mobile,Basic,2
27,64.1,121.55,22.6,11.1,24,Mobile,Basic,3
60,49.0,296.65,17.8,7.1,18,Desktop,Gold,2
30,96.7,427.16,35.8,26.1,36,Tablet,Gold,0
32,22.0,214.54,20.5,15.9,36,Mobile,Gold,1
43,37.2,559.23,32.5,3.8,33,Mobile,Silver,0
48,36.9,208.41,39.9,18.2,16,Tablet,Basic,1
33,77.3,374.47,27.8,16.6,47,Tablet,Basic,0
27,51.7,303.88,39.6,13.5,19,Mobile,Silver,1
46,60.5,476.53,20.8,10.7,36,Desktop,Basic,0
38,58.0,473.35,17.5,17.6,8,Mobile,Basic,0
46,77.8,593.25,29.4,17.7,20,Mobile,Platinum,0
18,70.7,518.02,12.1,10.6,9,Mobile,Basic,0
55,101.8,322.74,32.8,14.0,53,Desktop,Basic,2
41,66.7,675.56,28.3,8.6,13,Mobile,Gold,2
40,42.8,153.33,36.1,16.2,22,Desktop,Gold,1
32,88.7,311.62,5.4,18.5,26,Mobile,Silver,0
18,76.0,697.32,23.9,13.2,24,Desktop,Gold,0
26,75.6,499.87,16.5,18.8,14,Desktop,Silver,0
34,75.0,335.3,20.0,20.6,29,Mobile,Silver,0
26,52.4,88.4,15.0,8.2,27,Desktop,Gold,3
36,70.5,375.1,32.2,18.7,49,Mobile,Gold,0
26,94.1,327.75,31.5,11.2,28,Desktop,Silver,0
23,80.5,420.32,25.8,13.0,19,Mobile,Gold,0
37,55.0,298.8,22.1,13.0,12,Desktop,Basic,0
43,49.0,257.33,16.7,32.4,42,Desktop,Silver,1
31,83.9,313.62,31.0,5.0,9,Tablet,Gold,1
35,79.0,267.77,19.2,17.8,7,Tablet,Platinum,0
36,99.8,507.82,27.7,4.9,14,Mobile,Gold,0
48,62.8,408.33,29.1,15.5,29,Desktop,Basic,0
27,52.3,317.12,20.7,13.9,36,Tablet,Gold,0
36,52.7,452.59,26.0,18.8,11,Desktop,Silver,0
31,45.8,202.24,23.3,10.2,13,Mobile,Silver,4
30,53.9,443.7,27.0,21.2,27,Desktop,Silver,1
53,54.5,226.06,46.3,24.8,19,Mobile,Silver,1
32,80.0,536.52,25.2,8.0,13,Desktop,Silver,0
23,78.8,724.79,36.4,5.8,9,Mobile,Silver,0
18,54.8,350.51,39.5,17.2,15,Mobile,Silver,1
36,53.0,361.06,34.3,17.7,1,Mobile,Gold,1
50,22.8,348.53,28.9,12.6,60,Desktop,Silver,2
40,61.4,570.85,23.7,19.4,48,Mobile,Gold,0
45,80.1,191.67,25.5,24.1,17,Mobile,Basic,1
25,85.8,550.72,22.3,15.3,17,Tablet,Platinum,0
24,42.5,123.7,9.7,8.7,29,Desktop,Silver,3
18,51.2,223.34,35.5,18.0,1,Mobile,Silver,1
33,27.3,133.54,29.1,22.0,25,Mobile,Silver,1
18,73.0,369.9,14.9,19.1,5,Mobile,Gold,0
34,71.8,246.21,46.9,31.5,20,Desktop,Silver,1
40,83.7,371.39,11.5,8.0,53,Desktop,Basic,0
38,70.1,639.5,19.0,17.9,25,Mobile,Platinum,0
25,58.5,332.42,25.0,7.2,9,Mobile,Platinum,0
34,54.2,531.9,31.3,17.7,19,Mobile,Gold,1
42,82.9,406.44,25.9,23.0,27,Mobile,Basic,0
18,77.7,646.81,14.3,15.7,36,Desktop,Gold,0
18,57.6,50.0,13.0,12.5,30,Tablet,Gold,3
42,56.4,671.04,30.5,19.4,11,Mobile,Gold,0
25,66.3,338.32,21.5,32.3,36,Desktop,Gold,1
38,44.0,466.92,25.8,12.1,20,Mobile,Platinum,0
18,53.1,588.27,38.8,10.3,26,Mobile,Gold,0
54,64.3,504.75,16.5,7.6,34,Mobile,Platinum,2
41,56.4,244.58,21.0,13.1,21,Desktop,Gold,0
38,59.0,236.58,21.5,12.8,11,Mobile,Silver,1
34,51.5,240.27,41.6,5.2,14,Mobile,Platinum,1
18,59.3,356.22,16.5,12.7,1,Mobile,Silver,1
29,48.4,182.64,41.3,21.6,6,Mobile,Basic,1
49,89.2,431.03,38.7,22.3,21,Mobile,Basic,0
25,109.7,299.04,31.9,18.5,20,Mobile,Gold,0
44,54.2,474.88,31.2,5.1,49,Mobile,Gold,2
28,31.6,262.92,31.5,18.0,13,Mobile,Basic,1
20,65.7,116.11,28.5,12.0,36,Desktop,Gold,2
24,63.7,611.42,29.1,8.7,29,Mobile,Silver,2
40,39.1,462.98,33.3,6.7,29,Mobile,Silver,2
18,32.2,274.16,25.4,14.2,14,Tablet,Basic,1
42,82.1,600.28,23.2,23.0,28,Desktop,Basic,0
29,58.3,405.9,33.5,10.4,60,Mobile,Silver,2
47,65.9,303.17,25.4,22.4,34,Mobile,Silver,1
18,82.7,302.11,24.2,11.0,13,Mobile,Silver,0
52,58.6,59.6,12.5,11.1,43,Mobile,Silver,3
55,23.4,109.86,23.4,3.8,57,Desktop,Basic,3
48,66.6,183.5,29.3,24.7,7,Desktop,Silver,1
20,81.6,186.78,17.4,12.5,30,Desktop,Basic,0
28,64.4,637.6,15.8,18.8,24,Mobile,Silver,0
30,48.7,330.49,33.4,10.8,27,Desktop,Basic,2
39,57.2,152.24,10.3,9.2,45,Desktop,Basic,3
33,63.7,688.62,25.3,22.6,24,Mobile,Basic,0
40,63.5,365.09,28.3,17.1,31,Mobile,Gold,0
28,62.7,50.0,22.0,9.7,40,Mobile,Silver,3
28,64.5,537.01,6.6,15.8,13,Mobile,Platinum,0
34,61.2,113.77,27.7,20.9,19,Mobile,Silver,1
19,31.5,244.32,17.3,11.8,1,Tablet,Silver,4
18,64.3,214.45,21.6,10.5,29,Desktop,Gold,0
31,61.1,224.23,19.0,25.0,30,Desktop,Basic,1
42,77.6,303.89,34.1,17.9,48,Tablet,Platinum,0
23,92.3,532.37,22.3,21.8,29,Mobile,Basic,0
33,54.7,441.5,36.9,12.9,19,Desktop,Gold,2
18,77.3,421.47,32.6,16.9,30,Desktop,Platinum,0
24,48.0,275.49,17.6,12.7,3,Mobile,Silver,4
26,56.1,356.7,20.0,22.2,33,Mobile,Silver,1
38,51.2,327.15,32.4,24.4,12,Mobile,Basic,0
30,113.7,370.41,21.9,23.1,31,Mobile,Gold,0
30,54.2,570.19,34.8,12.0,20,Mobile,Gold,0
32,44.1,348.93,31.2,10.6,25,Mobile,Basic,0
29,50.6,568.56,31.8,10.2,21,Mobile,Gold,0
21,100.7,290.23,35.1,8.3,32,Mobile,Basic,0
54,32.4,339.48,35.5,40.0,7,Desktop,Basic,1
42,54.8,474.48,25.6,8.4,41,Mobile,Gold,2
28,38.5,352.51,26.4,15.4,5,Mobile,Gold,1
19,38.5,319.63,26.2,11.0,24,Tablet,Basic,2
20,57.5,627.57,33.3,17.9,30,Mobile,Gold,0
35,52.6,284.56,27.9,19.7,22,Desktop,Gold,0
23,35.4,381.81,31.3,24.1,1,Mobile,Basic,1
35,45.8,140.62,29.4,26.6,41,Mobile,Silver,1
27,94.3,300.47,30.0,16.5,26,Mobile,Silver,0
26,52.1,469.23,39.1,12.9,21,Tablet,Basic,2
66,52.2,202.36,34.3,13.8,22,Tablet,Gold,2
33,63.0,300.37,34.6,17.0,23,Mobile,Silver,1
33,73.0,233.19,19.9,15.3,8,Desktop,Silver,0
30,56.6,241.62,26.9,8.7,26,Desktop,Silver,2
33,36.9,364.08,20.4,10.6,18,Desktop,Gold,1
70,24.8,176.97,34.8,9.4,39,Tablet,Basic,2
34,68.1,576.78,17.2,16.1,40,Desktop,Silver,2
46,67.0,393.75,24.8,12.3,34,Mobile,Gold,2
47,34.2,356.16,30.8,12.3,23,Desktop,Silver,1
28,45.1,680.08,26.5,19.3,14,Desktop,Silver,0
32,63.8,345.66,26.6,21.4,34,Tablet,Silver,1
18,75.2,127.8,40.1,22.3,17,Mobile,Basic,1
44,59.4,243.31,26.1,20.8,50,Desktop,Platinum,2
26,80.4,464.4,23.9,10.0,29,Mobile,Gold,0
55,105.4,532.22,15.1,17.0,27,Desktop,Gold,0
37,80.7,140.33,18.0,17.2,40,Tablet,Platinum,3
39,66.9,432.58,26.6,12.5,18,Desktop,Silver,2
42,57.9,91.19,10.6,7.1,43,Tablet,Basic,3
36,55.3,309.39,22.4,9.2,17,Desktop,Gold,2
47,81.1,50.0,33.4,16.5,29,Mobile,Silver,1
18,49.6,371.49,32.6,12.8,40,Desktop,Gold,1
59,25.4,74.43,25.8,7.6,24,Tablet,Basic,3
31,32.0,243.92,39.1,24.4,29,Mobile,Gold,1
36,59.6,217.3,19.7,15.9,15,Desktop,Basic,1
37,81.2,502.71,34.6,15.0,36,Tablet,Basic,0
38,75.3,441.46,35.8,20.6,19,Mobile,Basic,1
57,43.8,559.92,26.6,23.4,20,Mobile,Gold,2
27,96.3,284.17,19.6,17.9,33,Desktop,Silver,0
36,56.6,331.67,8.7,23.6,36,Desktop,Silver,0
29,93.3,375.59,22.1,13.6,16,Desktop,Gold,0
36,95.5,205.94,15.2,17.4,33,Tablet,Platinum,0
38,37.3,290.65,28.3,27.1,39,Desktop,Gold,0
38,54.3,592.77,24.4,18.5,24,Mobile,Platinum,0
43,65.0,56.69,9.5,11.3,48,Desktop,Silver,3
27,28.4,224.94,41.2,19.9,14,Tablet,Silver,1
40,59.1,688.95,25.1,13.0,31,Desktop,Gold,0
33,96.7,465.18,20.1,11.1,11,Desktop,Silver,0
40,32.7,105.36,18.9,15.3,15,Mobile,Gold,1
52,41.4,397.71,31.3,19.2,20,Desktop,Gold,0
36,71.9,441.47,22.5,18.8,17,Mobile,Silver,2
33,35.8,250.59,14.1,24.8,22,Mobile,Gold,1
59,57.3,497.4,28.4,12.5,60,Mobile,Platinum,2
30,99.5,521.95,20.4,8.4,12,Desktop,Gold,0
33,57.6,357.65,30.7,26.6,21,Desktop,Gold,1
36,61.0,308.21,5.0,21.2,22,Mobile,Silver,0
30,38.4,80.26,22.3,10.4,9,Mobile,Basic,3
18,31.6,461.05,44.9,14.9,1,Desktop,Platinum,1
38,89.8,517.76,16.1,16.5,34,Desktop,Basic,0
29,114.9,250.98,34.2,6.6,46,Desktop,Basic,0
19,48.0,584.66,33.2,16.2,33,Mobile,Gold,0
18,54.8,222.28,33.9,23.3,11,Desktop,Gold,1
42,66.8,566.99,29.2,18.2,44,Mobile,Gold,0
19,75.3,315.73,46.7,7.8,27,Mobile,Basic,1
27,93.0,542.03,15.9,15.8,32,Desktop,Platinum,0
34,74.9,251.0,7.5,21.1,20,Desktop,Silver,1
20,59.8,230.05,17.1,11.7,41,Mobile,Gold,2
43,85.5,438.81,23.0,9.5,4,Mobile,Silver,2
72,46.2,494.17,44.4,12.9,28,Desktop,Basic,2
51,82.0,454.25,35.5,18.5,22,Mobile,Gold,0
29,70.9,533.62,15.0,15.4,19,Tablet,Gold,0
21,48.1,50.0,22.4,13.4,15,Tablet,Gold,1
18,78.8,586.41,24.1,17.5,18,Mobile,Platinum,0
19,75.0,552.06,14.4,12.7,21,Desktop,Gold,0
18,31.9,559.57,44.9,13.6,20,Mobile,Gold,0
18,95.7,358.02,33.4,11.2,25,Desktop,Gold,0
37,78.7,542.96,28.7,8.5,9,Tablet,Platinum,0
18,61.5,100.21,25.7,11.2,14,Mobile,Basic,3
29,93.3,826.61,33.9,14.9,39,Mobile,Gold,0
47,68.9,398.81,38.1,18.6,38,Mobile,Gold,1
40,94.4,464.21,28.1,15.4,16,Mobile,Silver,0
50,51.0,50.0,34.0,22.3,1,Mobile,Basic,1
28,99.3,427.67,,20.6,30,Tablet,Gold,0
18,40.8,136.1,13.5,16.1,30,Mobile,Basic,3
54,40.3,139.0,11.9,10.2,19,Mobile,Basic,3
32,59.1,603.84,21.1,14.3,23,Desktop,Gold,0
52,26.3,87.18,28.3,6.5,29,Mobile,Platinum,3
19,36.4,334.46,22.3,15.9,21,Mobile,Basic,4
40,60.8,580.92,16.0,9.8,16,Desktop,Silver,2
49,73.6,361.87,31.9,15.1,36,Desktop,Gold,2
18,75.0,495.78,28.3,14.1,26,Mobile,Silver,0
44,34.6,263.95,22.5,29.5,17,Desktop,Silver,1
57,83.1,393.39,30.6,7.1,25,Desktop,Gold,0
36,75.4,390.68,27.5,18.9,20,Desktop,Silver,0
45,43.5,82.31,22.1,19.0,19,Mobile,Silver,4
42,64.6,492.81,24.8,14.7,21,Mobile,Gold,0
56,45.7,317.46,,8.3,1,Mobile,Silver,2
54,39.6,543.07,27.9,12.2,1,Mobile,Platinum,2
21,51.3,100.1,18.5,10.1,21,Mobile,Gold,3
32,41.7,114.81,13.7,17.8,23,Tablet,Silver,4
47,100.7,380.05,27.4,15.4,32,Desktop,Basic,0
36,85.6,548.36,25.7,15.6,27,Mobile,Silver,0
51,40.4,304.55,30.4,16.3,27,Desktop,Platinum,0
29,87.6,453.13,21.4,18.5,32,Desktop,Gold,0
48,95.0,834.95,23.8,12.7,34,Desktop,Basic,0
25,87.1,229.35,24.2,14.9,19,Mobile,Silver,0
35,76.9,387.56,27.9,8.5,35,Desktop,Silver,2
29,45.2,381.32,31.6,29.9,13,Mobile,Gold,1
49,70.9,578.16,16.4,12.9,23,Mobile,Gold,0
28,48.4,72.3,25.4,10.8,1,Mobile,Basic,1
33,80.1,318.09,39.3,14.8,39,Mobile,Silver,0
18,58.3,552.95,23.2,9.6,2,Desktop,Gold,0
48,54.1,205.3,27.5,6.7,19,Desktop,Silver,2
40,81.9,361.63,34.0,17.2,12,Mobile,Silver,1
40,49.6,347.39,28.6,9.5,54,Mobile,Platinum,2
42,92.9,434.5,29.1,10.5,32,Desktop,Basic,0
42,42.5,347.04,25.4,21.3,37,Mobile,Basic,2
51,75.4,283.78,25.6,9.6,9,Tablet,Basic,1
40,49.6,317.58,9.7,22.7,29,Mobile,Basic,1
18,61.7,414.35,46.8,17.0,26,Mobile,Gold,1
59,49.5,139.72,15.6,9.5,34,Mobile,Basic,3
41,91.9,75.06,49.8,18.4,28,Desktop,Silver,1
23,50.9,274.64,26.4,27.9,17,Mobile,Basic,1
18,45.3,253.8,14.1,10.4,13,Desktop,Silver,4
55,114.6,366.05,34.6,5.6,24,Mobile,Silver,2
30,72.9,374.3,45.8,17.6,48,Mobile,Gold,0
45,55.4,328.96,19.2,10.2,35,Tablet,Gold,2
38,80.1,441.05,31.9,13.7,41,Desktop,Silver,0
40,61.5,396.72,28.7,19.6,3,Mobile,Gold,0
46,21.9,524.53,21.1,28.6,17,Mobile,Basic,1
55,26.7,155.08,19.9,11.7,28,Mobile,Basic,3
50,60.0,153.11,23.0,12.8,48,Desktop,Basic,3
52,48.2,287.06,22.7,6.7,19,Mobile,Basic,0
35,48.8,240.6,32.6,26.3,34,Desktop,Silver,1
44,50.4,260.82,20.4,22.2,18,Mobile,Silver,0
18,35.3,153.04,18.9,16.1,21,Mobile,Basic,4
29,44.9,178.46,7.7,7.4,12,Mobile,Silver,4
18,67.4,339.89,24.6,26.0,25,Mobile,Basic,1
59,70.1,485.81,6.5,12.4,6,Desktop,Gold,2
45,80.7,576.09,19.6,9.9,29,Desktop,Silver,2
31,57.2,342.02,29.3,15.1,17,Mobile,Basic,1
45,51.5,220.14,25.4,11.2,24,Mobile,Gold,0
40,33.9,277.77,23.4,16.7,35,Desktop,Silver,1
34,66.2,321.74,32.5,26.6,20,Mobile,Silver,1
18,51.8,319.71,30.4,24.1,26,Mobile,Silver,1
30,63.1,360.13,31.5,13.7,16,Mobile,Silver,0
27,31.4,106.54,24.6,11.7,46,Mobile,Silver,3
35,74.3,127.34,15.3,14.2,22,Desktop,Gold,0
18,64.3,297.86,36.2,26.4,17,Mobile,Gold,1
21,62.7,243.12,32.6,32.0,22,Desktop,Basic,1
35,39.4,110.0,29.3,26.4,15,Tablet,Basic,1
37,80.7,420.15,34.3,21.0,3,Mobile,Basic,1
26,80.0,736.75,37.1,16.2,33,Tablet,Basic,0
28,104.3,215.71,32.3,17.5,15,Tablet,Basic,0
29,34.6,170.84,14.1,24.6,30,Tablet,Basic,1
18,88.1,278.8,32.9,11.2,31,Desktop,Silver,1
47,101.7,352.76,23.3,11.9,35,Desktop,Gold,0
59,27.0,525.6,36.6,10.5,35,Tablet,Silver,2
28,63.6,286.73,25.7,21.1,45,Mobile,Basic,1
24,44.9,361.58,37.2,20.0,28,Mobile,Gold,1
25,83.3,372.06,28.2,10.1,41,Tablet,Platinum,2
38,70.3,266.18,33.5,18.0,27,Mobile,Silver,0
33,62.6,563.14,30.7,17.2,36,Mobile,Basic,0
46,51.3,444.53,23.3,17.2,16,Desktop,Silver,2
31,75.6,239.96,40.1,18.9,5,Mobile,Silver,1
35,78.9,283.66,40.0,17.3,15,Desktop,Basic,1
59,20.0,351.69,24.4,17.4,22,Desktop,Gold,2
26,61.9,293.89,36.5,14.7,27,Tablet,Gold,2
20,60.5,194.59,8.3,5.9,19,Mobile,Platinum,4
18,88.5,186.29,30.0,21.0,11,Mobile,Silver,1
23,57.1,267.77,32.6,29.4,13,Mobile,Silver,1
33,83.2,377.48,28.3,14.1,8,Mobile,Platinum,0
36,63.7,351.69,26.3,13.8,45,Desktop,Gold,0
30,20.0,199.24,23.5,18.4,18,Mobile,Basic,1
42,80.5,623.88,22.5,16.3,28,Desktop,Gold,0
52,30.2,114.28,19.9,16.5,23,Mobile,Silver,3
20,62.9,329.7,29.3,18.7,27,Mobile,Basic,1
26,74.7,308.55,19.4,14.2,37,Desktop,Gold,1
35,105.2,284.49,31.0,12.8,21,Mobile,Platinum,0
42,72.1,384.8,21.0,5.1,33,Desktop,Silver,0
32,101.2,178.65,30.9,19.9,40,Mobile,Silver,0
41,78.0,494.0,22.1,22.8,55,Tablet,Gold,0
36,100.7,574.37,16.5,11.9,12,Desktop,Gold,0
25,42.8,,39.0,24.8,14,Desktop,Platinum,1
26,36.1,140.6,21.4,11.7,39,Mobile,Silver,3
49,61.2,104.39,20.9,9.1,58,Tablet,Silver,3
29,46.4,149.8,41.0,24.6,15,Mobile,Basic,1
30,70.6,260.47,26.7,16.2,37,Mobile,Silver,0
18,66.5,164.64,20.2,6.0,11,Desktop,Basic,3
44,27.6,140.21,14.1,8.4,42,Mobile,Silver,3
43,96.9,446.53,32.1,12.1,21,Desktop,Basic,0
28,60.0,538.72,18.2,6.7,11,Tablet,Gold,2
62,84.3,409.46,25.5,16.1,16,Mobile,Basic,0
36,56.3,395.9,19.0,22.4,41,Desktop,Silver,2
22,56.2,239.24,17.3,9.6,8,Mobile,Basic,4
31,54.8,390.17,35.6,11.1,31,Desktop,Platinum,0
51,33.8,77.83,27.5,7.2,27,Mobile,Basic,3
56,72.6,288.52,38.4,19.7,28,Desktop,Basic,1
18,46.3,50.0,19.0,11.1,26,Mobile,Gold,4
41,45.5,239.38,33.8,16.6,18,Mobile,Gold,1
39,58.2,760.55,33.5,16.5,42,Desktop,Gold,2
39,46.0,503.68,24.1,17.7,23,Desktop,Gold,0
18,66.3,171.39,26.9,13.5,40,Mobile,Gold,0
44,68.6,375.3,28.1,23.1,34,Desktop,Gold,0
22,38.9,211.65,27.1,8.2,29,Mobile,Basic,4
47,45.6,269.24,35.2,17.8,1,Tablet,Basic,2
43,48.3,125.37,17.8,6.1,50,Desktop,Gold,3
33,40.9,50.0,22.5,12.3,30,Tablet,Basic,3
26,65.0,425.05,30.6,21.9,21,Desktop,Basic,0
55,55.8,582.88,35.7,13.2,16,Desktop,Platinum,0
42,116.5,475.06,15.5,15.3,27,Mobile,Gold,0
31,47.6,532.11,51.8,13.9,29,Mobile,Platinum,0
30,49.4,515.14,25.2,3.1,43,Desktop,Platinum,0
27,62.3,325.14,34.0,26.4,31,Mobile,Silver,1
29,82.2,333.14,20.1,17.4,35,Mobile,Gold,0
40,79.9,452.65,18.5,10.3,32,Mobile,Silver,0
35,104.1,,22.7,18.4,2,Mobile,Silver,0
25,67.0,281.53,15.3,14.7,51,Desktop,Gold,0
34,39.6,224.87,24.6,15.3,17,Mobile,Silver,4
56,58.1,340.38,18.5,21.4,54,Desktop,Silver,2
33,42.8,272.52,20.4,15.4,4,Desktop,Basic,4
52,103.3,782.8,29.6,17.5,13,Mobile,Silver,0
32,33.8,612.14,28.1,4.9,22,Mobile,Gold,0
32,25.7,121.77,32.8,10.3,25,Desktop,Basic,2
23,81.3,236.59,19.0,20.1,29,Desktop,Gold,0
34,75.4,410.35,21.5,9.9,25,Tablet,Platinum,0
39,83.2,459.65,32.4,15.1,19,Tablet,Platinum,0
26,44.0,669.06,19.4,10.4,19,Desktop,Silver,0
32,127.7,459.55,41.5,19.5,28,Desktop,Gold,0
41,121.4,375.24,17.0,11.6,45,Mobile,Gold,0
18,51.3,178.67,25.1,13.7,2,Mobile,Silver,1
49,70.6,280.38,29.1,13.0,22,Tablet,Platinum,0
36,58.8,206.83,24.6,19.8,13,Desktop,Gold,0
44,66.9,357.18,21.9,8.0,15,Mobile,Platinum,2
39,90.2,570.76,22.0,20.5,28,Mobile,Gold,0
27,44.6,544.06,25.8,9.6,28,Mobile,Platinum,0
19,34.3,84.49,23.8,14.2,20,Tablet,Platinum,3
48,75.9,485.42,24.5,14.0,29,Mobile,Gold,0
33,108.4,476.58,27.3,20.8,18,Mobile,Basic,0
32,69.7,403.89,6.3,15.6,8,Mobile,Silver,1
42,78.4,583.38,32.6,18.4,20,Tablet,Platinum,0
33,46.7,143.53,39.5,19.5,3,Mobile,Gold,1
18,34.8,258.92,29.9,15.2,41,Desktop,Platinum,2
52,89.0,483.32,29.5,13.0,23,Desktop,Platinum,0
18,48.0,455.99,31.5,20.6,28,Mobile,Silver,1
32,34.6,298.36,21.6,25.6,13,Desktop,Platinum,1
27,72.7,504.81,15.3,12.4,25,Mobile,Gold,0
39,48.1,230.54,23.2,17.8,24,Desktop,Silver,1
41,79.0,425.09,34.5,21.7,10,Tablet,Basic,0
24,66.4,373.67,27.0,15.5,19,Mobile,Gold,1
22,77.2,567.41,24.2,21.3,34,Desktop,Basic,0
18,76.8,247.05,26.0,16.7,23,Mobile,Basic,1
34,62.5,500.29,20.3,23.0,32,Mobile,Gold,0
75,55.3,257.2,34.4,12.8,18,Desktop,Gold,2
35,123.0,571.62,24.9,26.4,32,Mobile,Platinum,0
35,66.8,665.96,12.1,21.8,13,Mobile,Silver,0
26,67.4,279.48,23.3,20.9,11,Mobile,Silver,1
39,75.9,354.83,44.3,22.5,23,Desktop,Silver,2
36,75.4,319.88,28.1,18.9,22,Desktop,Silver,1
18,76.9,92.66,31.5,18.0,3,Mobile,Silver,1
46,51.8,214.68,40.2,7.1,40,Mobile,Silver,2
31,59.3,51.43,22.0,7.1,17,Desktop,Silver,3
26,89.4,403.09,21.2,20.4,14,Desktop,Basic,0
51,68.5,139.3,23.8,25.9,34,Mobile,Silver,1
66,63.4,271.24,21.0,7.2,60,Desktop,Gold,2
42,54.4,237.93,13.7,9.9,15,Mobile,Basic,4
18,42.7,120.22,29.2,8.2,39,Desktop,Basic,3
26,77.6,510.95,26.7,14.5,9,Desktop,Silver,0
29,72.9,226.19,31.9,8.4,35,Desktop,Silver,0
32,44.9,440.04,29.3,17.8,27,Mobile,Silver,1
60,46.6,462.4,28.4,7.3,39,Mobile,Silver,2
19,23.8,320.3,20.6,19.8,16,Mobile,Silver,1
62,54.1,462.34,41.6,18.1,20,Tablet,Gold,1
47,105.6,457.88,20.7,13.4,42,Desktop,Basic,2
48,57.9,342.1,34.3,13.2,12,Desktop,Gold,0
41,66.9,179.78,19.4,15.9,50,Desktop,Basic,3
18,68.5,268.32,18.5,20.5,3,Tablet,Gold,0
36,77.5,437.64,26.0,3.8,14,Mobile,Gold,0
52,29.7,127.3,20.5,26.8,13,Mobile,Platinum,1
44,93.0,,17.7,10.9,56,Mobile,Silver,2
21,92.8,555.37,17.6,18.7,43,Desktop,Gold,0
41,71.4,389.63,24.9,10.6,20,Mobile,Gold,0
18,58.0,171.99,6.4,11.8,13,Mobile,Basic,4
31,88.7,250.02,25.1,13.9,24,Mobile,Silver,0
32,64.7,464.64,38.1,22.8,31,Desktop,Silver,1
45,47.0,472.4,34.5,33.2,21,Mobile,Basic,1
28,44.7,407.14,29.7,10.3,20,Mobile,Silver,1
35,54.2,343.38,35.7,22.2,5,Mobile,Silver,1
34,53.1,509.45,26.1,14.2,42,Mobile,Basic,0
45,49.1,360.41,45.6,26.6,17,Mobile,Basic,1
42,59.6,453.38,24.3,21.9,46,Mobile,Platinum,0
46,66.7,272.51,50.9,15.6,24,Mobile,Gold,1
41,93.9,486.7,28.8,15.5,34,Mobile,Silver,0
32,76.3,105.26,20.9,33.7,21,Desktop,Basic,1
31,,332.25,8.2,16.8,15,Tablet,Gold,0
36,40.8,453.94,28.6,8.0,6,Tablet,Gold,0
24,89.9,150.25,31.6,17.0,21,Mobile,Silver,0
43,100.1,295.3,34.1,18.4,24,Mobile,Gold,0
35,52.2,586.98,29.6,17.3,34,Desktop,Basic,2
57,62.1,587.08,26.5,7.8,6,Desktop,Basic,0
53,26.4,152.63,19.2,10.0,36,Desktop,Silver,3
18,45.8,268.17,23.3,14.7,11,Mobile,Basic,4
18,67.5,349.33,25.3,19.3,20,Tablet,Basic,1
29,47.4,444.12,25.5,21.8,15,Mobile,Gold,0
22,69.0,308.86,14.1,24.7,19,Mobile,Gold,0
23,93.4,255.53,29.2,6.6,29,Desktop,Basic,2
30,79.6,543.85,26.9,17.3,23,Tablet,Basic,0
31,84.4,433.28,24.4,17.0,12,Mobile,Gold,0
33,54.2,345.27,33.4,19.7,32,Mobile,Basic,1
18,92.3,469.63,11.5,15.7,46,Mobile,Silver,2
54,87.2,275.61,32.0,10.6,43,Mobile,Silver,2
35,48.2,429.21,27.9,19.3,27,Desktop,Silver,0
49,57.0,204.81,24.7,18.8,21,Mobile,Silver,1
45,80.1,292.14,27.3,15.8,15,Desktop,Gold,0
33,73.3,516.59,24.4,14.6,37,Mobile,Silver,0
52,86.2,163.82,33.0,8.7,19,Desktop,Silver,3
22,70.7,445.95,19.6,12.2,34,Desktop,Gold,0
38,57.5,513.47,17.4,13.4,12,Desktop,Basic,0
30,57.3,620.67,24.0,12.4,11,Mobile,Silver,0
19,60.7,121.47,30.9,10.7,18,Desktop,Basic,3
28,56.0,567.63,33.5,13.6,44,Desktop,Gold,2
25,48.2,187.76,29.7,19.2,1,Tablet,Platinum,1
36,96.7,381.75,34.4,11.5,2,Mobile,Platinum,2
34,95.8,272.15,31.0,6.5,24,Tablet,Basic,0
39,49.4,527.25,25.1,16.5,20,Mobile,Gold,1
27,46.2,285.35,31.1,13.5,44,Desktop,Silver,0
40,65.9,318.18,11.1,17.8,38,Mobile,Silver,0
24,64.9,247.13,43.2,17.7,6,Mobile,Basic,1
48,44.4,142.0,14.5,9.1,17,Desktop,Basic,3
28,68.0,606.69,31.0,23.2,30,Desktop,Silver,0
41,71.9,458.62,26.4,13.8,7,Mobile,Gold,0
37,116.6,347.51,30.2,11.0,28,Mobile,Basic,0
37,90.8,631.23,20.4,22.1,42,Mobile,Basic,0
33,45.4,59.83,25.4,3.8,18,Mobile,Gold,3
31,78.4,225.48,34.3,19.5,27,Desktop,Silver,1
25,36.7,316.71,25.1,20.2,21,Desktop,Gold,1
36,39.8,571.96,13.8,10.2,40,Desktop,Gold,2
35,57.5,468.99,15.8,11.2,33,Desktop,Silver,0
30,30.4,396.84,16.8,16.4,16,Mobile,Gold,1
26,78.3,417.91,21.3,16.1,10,Desktop,Silver,0
33,58.1,201.8,39.0,16.8,1,Mobile,Basic,1
27,45.6,148.41,13.6,10.8,2,Mobile,Basic,4
46,84.3,316.78,17.3,4.2,17,Mobile,Gold,2
39,103.8,458.11,15.3,10.6,14,Desktop,Silver,0
61,61.2,373.8,20.8,5.2,57,Desktop,Platinum,2
18,38.3,719.46,25.1,9.4,32,Mobile,Platinum,0
43,48.3,370.07,32.0,10.9,27,Tablet,Basic,0
49,27.2,398.81,27.1,6.0,18,Mobile,Gold,0
20,97.6,516.68,24.4,14.5,36,Tablet,Gold,0
36,66.6,210.74,10.8,23.7,29,Desktop,Silver,1
28,53.4,455.24,27.1,17.9,1,Mobile,Gold,1
42,45.3,97.71,19.2,9.9,44,Desktop,Silver,3
47,70.4,329.46,44.6,12.1,11,Tablet,Platinum,1
22,49.6,348.59,18.8,23.0,12,Tablet,Platinum,1
32,79.0,702.19,19.3,14.6,11,Tablet,Platinum,0
28,,486.72,28.4,18.4,15,Mobile,Gold,0
38,57.0,274.22,17.6,20.9,20,Tablet,Silver,1
42,53.0,417.5,29.1,13.7,36,Mobile,Gold,0
56,62.4,119.94,25.7,6.9,41,Mobile,Basic,2
35,56.5,571.63,28.7,13.8,9,Mobile,Silver,0
42,41.4,442.91,23.0,20.2,27,Mobile,Gold,0
23,68.5,566.57,31.2,12.8,14,Mobile,Basic,0
36,104.5,468.5,29.9,11.1,25,Mobile,Gold,0
35,77.5,522.16,34.4,3.7,37,Desktop,Silver,0
75,64.1,373.4,25.2,14.7,35,Desktop,Basic,2
24,72.6,387.09,26.1,11.5,21,Mobile,Platinum,0
32,56.4,307.43,28.3,15.3,19,Mobile,Gold,1
33,95.5,622.61,14.0,18.1,34,Desktop,Silver,0
44,56.0,414.55,26.5,17.9,12,Mobile,Gold,0
48,86.0,356.73,31.9,9.8,25,Desktop,Gold,0
34,54.1,366.48,21.5,13.1,21,Desktop,Gold,2
32,93.4,418.15,17.5,12.9,25,Desktop,Silver,0
46,87.0,429.06,29.1,10.6,53,Desktop,Gold,2
45,60.9,361.85,21.9,18.4,11,Desktop,Gold,0
54,58.5,457.83,5.0,13.8,32,Desktop,Silver,2
41,37.9,271.98,41.5,14.1,36,Mobile,Basic,0
46,62.1,381.72,8.9,18.6,1,Mobile,Basic,1
24,55.7,277.93,31.3,21.0,21,Mobile,Basic,1
39,49.7,65.9,27.6,12.2,16,Desktop,Basic,3
37,82.9,358.66,22.5,22.6,25,Desktop,Basic,0
60,75.8,325.49,19.8,18.9,7,Mobile,Gold,0
18,55.4,454.13,36.2,19.6,20,Mobile,Platinum,0
26,65.5,154.23,35.1,15.2,17,Desktop,Gold,2
42,32.6,339.95,16.8,24.7,29,Desktop,Platinum,1
36,91.8,145.38,37.9,17.8,35,Tablet,Basic,2
29,127.5,362.02,35.5,11.3,43,Mobile,Basic,0
55,82.7,493.0,17.3,9.6,28,Mobile,Gold,0
57,62.8,484.41,26.9,14.5,1,Desktop,Basic,0
27,55.6,260.55,16.6,8.2,27,Desktop,Basic,4
18,44.3,195.0,37.5,27.9,16,Tablet,Gold,1
67,23.4,157.21,22.6,8.9,33,Desktop,Silver,3
57,77.5,454.04,23.5,17.8,24,Tablet,Gold,0
30,44.0,321.81,27.1,23.7,19,Desktop,Platinum,1
27,83.2,269.77,36.2,15.8,1,Desktop,Gold,1
29,32.3,414.47,36.7,10.5,1,Mobile,Gold,0
45,82.3,418.01,34.8,15.6,4,Desktop,Basic,2
19,67.6,80.91,15.3,6.2,22,Mobile,Basic,3
24,54.8,79.62,15.8,3.4,55,Mobile,Silver,3
33,65.2,347.85,16.5,3.0,22,Desktop,Basic,2
37,55.5,369.81,39.1,18.9,19,Mobile,Gold,0
27,72.8,220.35,39.3,15.9,15,Mobile,Silver,0
32,49.8,175.63,10.7,6.3,32,Mobile,Basic,4
27,90.8,519.81,30.3,18.7,5,Desktop,Basic,0
36,34.9,374.61,16.1,4.1,26,Desktop,Silver,2
29,46.5,53.55,42.9,6.1,25,Desktop,Silver,2
53,60.4,207.64,29.7,16.6,17,Mobile,Gold,1
30,50.8,173.91,13.6,9.9,21,Mobile,Silver,4
32,59.9,569.99,21.2,26.0,27,Mobile,Platinum,0
47,54.7,451.76,29.9,9.8,24,Mobile,Platinum,0
26,111.1,274.24,26.2,11.5,13,Mobile,Platinum,0
39,29.9,525.47,19.2,5.6,47,Tablet,Platinum,0
41,79.5,637.41,27.0,11.0,22,Tablet,Basic,0
28,65.0,261.34,17.2,19.5,28,Mobile,Silver,0
40,28.0,366.46,36.5,21.5,13,Mobile,Platinum,2
54,39.4,63.58,12.1,10.4,15,Mobile,Basic,3
28,58.7,85.63,25.7,15.3,14,Desktop,Gold,0
35,101.6,785.72,45.2,9.1,10,Desktop,Basic,0
64,59.4,59.84,15.7,9.9,7,Mobile,Silver,3
18,56.1,511.65,28.2,15.5,36,Desktop,Platinum,0
36,77.6,427.85,7.6,20.7,29,Desktop,Silver,0
29,72.8,603.54,26.8,21.7,20,Desktop,Basic,0
52,41.0,411.76,7.3,13.4,21,Mobile,Basic,1
35,51.2,282.61,26.9,11.7,40,Tablet,Silver,0
32,40.8,50.0,25.1,8.1,12,Mobile,Basic,4
45,75.1,430.9,33.1,18.0,15,Mobile,Silver,0
31,32.6,289.08,28.7,4.7,4,Mobile,Gold,1
18,68.1,611.1,9.9,8.4,22,Mobile,Silver,0
38,46.1,131.33,9.1,33.3,29,Mobile,Basic,1
26,64.2,194.58,24.6,22.7,33,Desktop,Silver,1
41,51.3,98.01,28.6,13.5,25,Desktop,Silver,2
53,93.9,226.03,21.6,16.8,29,Mobile,Basic,2
32,73.1,263.95,37.9,22.8,9,Desktop,Basic,1
27,43.2,53.16,16.4,14.5,28,Desktop,Basic,3
33,43.8,509.83,34.0,11.5,42,Mobile,Silver,2
18,52.5,491.04,24.1,13.8,33,Desktop,Silver,2
39,59.3,395.62,28.1,15.4,37,Mobile,Gold,0
30,75.4,650.76,21.2,6.3,29,Tablet,Silver,0
27,49.3,452.82,32.8,12.1,30,Desktop,Gold,0
23,34.8,181.52,37.9,24.0,8,Desktop,Basic,1
56,53.5,599.92,37.2,15.5,15,Mobile,Basic,0
46,51.0,174.19,27.9,17.9,48,Tablet,Basic,0
19,48.0,178.09,20.8,9.4,39,Desktop,Basic,3
21,27.2,106.32,5.0,10.3,4,Desktop,Gold,3
39,56.5,130.21,17.9,15.5,34,Desktop,Silver,3
42,116.3,474.9,24.9,11.8,21,Desktop,Silver,0
21,56.3,335.95,31.5,14.6,25,Tablet,Silver,1
34,20.0,302.5,36.2,22.4,30,Mobile,Gold,0
32,99.7,513.89,25.5,14.1,38,Desktop,Gold,0
36,67.9,553.95,16.2,10.5,7,Mobile,Gold,0
39,72.5,884.63,28.5,5.7,38,Mobile,Basic,0
31,71.0,349.12,26.6,15.9,16,Desktop,Basic,0
18,33.3,567.1,31.0,9.9,5,Desktop,Platinum,2
34,94.7,845.88,40.1,10.6,18,Mobile,Silver,0
42,56.9,617.09,16.2,11.8,1,Mobile,Silver,2
45,49.8,139.8,9.0,14.1,20,Mobile,Gold,1
44,52.3,50.0,27.3,21.5,40,Mobile,Silver,0
41,43.7,290.54,22.8,13.5,9,Mobile,Gold,1
48,85.4,690.97,31.5,18.8,23,Desktop,Gold,0
18,59.8,181.77,40.2,24.4,16,Mobile,Basic,1
29,90.8,533.4,48.5,12.8,20,Mobile,Basic,0
45,69.5,745.86,29.7,12.6,15,Desktop,Platinum,0
35,63.0,440.78,19.9,21.8,33,Mobile,Basic,0
33,54.9,184.31,11.0,15.2,17,Desktop,Basic,1
37,78.1,91.93,21.0,9.1,34,Desktop,Silver,3
18,85.0,298.37,22.5,18.4,11,Mobile,Gold,0
73,66.5,571.69,38.8,9.6,10,Mobile,Silver,2
51,50.6,249.96,16.0,22.5,6,Desktop,Gold,1
29,64.3,106.26,9.7,14.6,15,Desktop,Silver,3
50,73.2,223.88,43.2,15.8,37,Desktop,Silver,2
40,20.0,313.87,16.7,14.8,4,Tablet,Gold,1
35,75.1,314.8,34.6,21.0,25,Mobile,Silver,1
54,62.0,101.88,6.2,10.7,33,Desktop,Basic,3
46,123.0,472.04,27.7,10.9,18,Desktop,Silver,0
43,113.6,226.47,14.4,20.5,41,Tablet,Platinum,0
35,20.0,338.47,27.7,10.5,26,Desktop,Gold,0
56,63.6,285.69,34.8,12.1,31,Desktop,Silver,2
55,40.8,384.54,31.7,13.9,38,Tablet,Gold,2
41,62.5,229.85,18.0,18.6,10,Mobile,Platinum,0
20,36.2,95.4,18.5,26.0,11,Mobile,Basic,1
38,22.0,375.33,15.6,17.6,14,Mobile,Basic,1
43,74.2,359.15,28.7,16.0,16,Mobile,Gold,0
28,39.0,130.74,22.8,13.8,21,Mobile,Silver,4
45,69.0,589.38,24.0,16.6,28,Mobile,Gold,0
19,88.4,503.45,18.8,16.8,7,Desktop,Gold,0
39,56.4,218.13,16.9,19.3,9,Desktop,Basic,1
35,33.8,382.46,24.6,14.1,37,Desktop,Silver,2
43,49.8,518.81,24.6,8.3,7,Desktop,Gold,0
19,72.5,308.49,42.0,26.5,16,Mobile,Silver,1
61,39.2,275.2,24.3,17.7,47,Desktop,Silver,1
33,93.7,368.38,27.0,18.1,15,Mobile,Platinum,0
63,88.6,416.1,19.4,15.5,9,Desktop,Gold,0
31,73.8,207.85,18.4,19.2,19,Mobile,Basic,1
40,45.5,381.55,5.0,9.1,33,Mobile,Gold,0
35,50.4,173.91,30.7,10.5,24,Desktop,Basic,3
72,93.4,372.73,30.7,9.2,25,Desktop,Gold,2
36,59.5,241.65,12.0,8.2,8,Mobile,Silver,4
35,103.2,550.02,22.2,11.5,34,Mobile,Platinum,0
23,48.9,175.76,22.7,17.0,4,Mobile,Basic,4
37,52.4,597.49,27.7,26.0,21,Mobile,Platinum,0
46,46.0,659.4,32.6,23.0,37,Mobile,Silver,0
29,39.8,311.87,28.4,14.8,21,Mobile,Silver,0
37,82.6,301.27,20.7,22.7,38,Mobile,Silver,0
49,51.1,253.11,40.9,25.9,27,Tablet,Silver,1
50,54.1,239.66,42.3,32.3,39,Mobile,Basic,1
25,77.4,288.88,20.8,18.5,29,Desktop,Silver,0
19,37.7,156.11,23.4,14.6,9,Mobile,Silver,1
37,119.9,522.95,21.0,9.0,23,Mobile,Gold,0
33,89.2,241.59,11.1,25.2,21,Mobile,Basic,1
25,,736.09,23.6,20.4,9,Desktop,Silver,0
49,79.0,499.76,23.2,15.3,40,Desktop,Silver,2
62,36.8,376.04,25.9,17.7,9,Desktop,Silver,2
41,80.0,260.4,28.9,17.0,9,Mobile,Gold,1
30,66.0,536.44,18.6,13.8,35,Mobile,Gold,0
35,83.7,598.39,19.0,12.2,16,Mobile,Platinum,0
37,73.9,427.28,37.5,11.6,9,Desktop,Platinum,2
36,49.3,420.62,15.5,17.4,19,Mobile,Silver,0
45,69.8,463.05,19.1,6.7,18,Desktop,Basic,0
31,60.6,224.5,25.4,11.0,40,Mobile,Platinum,0
34,65.1,255.12,32.0,14.7,6,Tablet,Silver,1
18,46.0,464.21,34.8,29.2,12,Mobile,Basic,1
39,86.3,431.06,27.2,6.9,47,Desktop,Silver,2
49,65.6,399.98,27.2,9.0,24,Desktop,Silver,0
57,62.2,424.69,24.0,19.9,29,Mobile,Basic,0
57,53.9,406.36,5.0,14.7,12,Desktop,Silver,2
25,89.0,333.84,41.1,8.4,3,Mobile,Gold,2
35,86.7,550.64,15.9,6.9,20,Mobile,Platinum,0
38,63.4,437.21,26.3,8.9,30,Desktop,Platinum,1
37,80.6,565.06,35.1,14.9,38,Mobile,Gold,0
37,59.3,84.56,26.2,10.5,33,Desktop,Silver,3
36,73.3,429.8,27.5,21.8,17,Mobile,Silver,0
30,69.3,91.69,,8.2,4,Tablet,Silver,3
31,28.3,290.91,22.4,4.3,17,Mobile,Gold,1
38,76.2,455.69,36.5,25.6,5,Mobile,Silver,1
31,88.6,537.16,36.8,14.2,15,Desktop,Silver,0
18,20.0,369.42,32.7,20.1,5,Mobile,Basic,1
39,63.3,585.02,17.4,12.4,32,Mobile,Basic,0
29,58.4,503.13,28.9,16.1,17,Mobile,Basic,0
30,83.7,137.89,48.9,20.6,16,Desktop,Basic,1
36,23.2,310.43,29.1,16.4,1,Mobile,Silver,4
51,29.7,381.64,48.0,20.2,3,Desktop,Gold,1
56,88.2,331.9,17.3,15.9,18,Desktop,Gold,2
39,106.2,201.18,32.3,14.0,22,Mobile,Platinum,0
40,59.6,273.75,10.7,21.2,20,Mobile,Gold,0
23,88.0,499.19,23.1,16.5,12,Desktop,Gold,0
41,48.3,285.93,45.7,27.7,38,Tablet,Gold,1
28,36.9,126.72,22.8,9.6,23,Desktop,Silver,3
18,35.2,304.71,60.0,14.1,15,Mobile,Silver,1
40,112.5,307.28,22.5,12.6,6,Tablet,Silver,0
51,63.3,318.56,21.4,19.6,25,Desktop,Basic,0
42,54.6,256.52,40.2,18.9,34,Mobile,Basic,1
26,70.2,450.38,14.4,15.5,31,Mobile,Silver,0
52,41.0,308.92,37.8,19.2,37,Mobile,Silver,2
57,89.9,199.66,36.2,9.6,17,Tablet,Gold,2
30,72.8,310.94,32.8,22.1,23,Tablet,Silver,1
28,88.0,578.55,30.6,18.8,30,Mobile,Gold,0
44,114.5,356.72,19.1,21.4,13,Desktop,Basic,0
27,92.5,331.38,27.9,16.4,44,Mobile,Basic,0
47,,260.33,31.7,11.7,20,Desktop,Silver,0
29,74.3,447.07,26.5,18.3,21,Mobile,Silver,0
33,52.2,208.95,30.6,25.1,29,Mobile,Basic,1
44,83.7,198.27,43.8,11.9,29,Desktop,Silver,1
30,68.8,429.99,12.7,6.2,30,Desktop,Gold,0
22,84.6,301.47,28.3,20.7,28,Mobile,Gold,0
33,76.3,248.6,21.8,13.4,21,Mobile,Gold,0
24,97.6,148.91,29.9,13.1,26,Mobile,Gold,0
53,66.3,335.78,25.9,14.8,19,Desktop,Basic,2
37,38.5,448.43,15.2,18.1,2,Mobile,Gold,0
26,69.3,533.44,32.1,13.6,7,Desktop,Basic,0
45,97.3,475.21,32.7,24.6,38,Mobile,Gold,0
54,56.9,152.53,28.8,11.1,27,Desktop,Basic,3
35,60.0,304.39,39.6,25.2,17,Desktop,Basic,1
57,81.4,405.61,29.3,18.0,31,Mobile,Basic,0
48,61.9,412.54,32.3,29.1,30,Mobile,Basic,1
57,82.4,649.2,37.7,8.6,34,Desktop,Silver,2
38,72.4,139.2,24.6,6.5,2,Desktop,Basic,4
25,74.7,628.33,31.8,26.1,24,Mobile,Silver,0
34,33.4,50.0,33.7,10.1,60,Mobile,Basic,3
28,40.4,163.68,24.0,12.6,47,Mobile,Silver,3
32,51.8,306.39,25.4,10.3,37,Desktop,Basic,3
43,54.5,204.34,29.2,18.1,4,Mobile,Silver,1
18,34.5,375.35,44.9,10.8,34,Desktop,Gold,1
24,89.9,488.78,30.1,9.2,2,Desktop,Basic,0
70,42.3,337.15,21.3,11.9,1,Desktop,Gold,2
43,50.8,299.06,41.3,20.8,20,Mobile,Basic,1
20,41.7,405.12,48.1,12.5,22,Desktop,Silver,1
36,74.9,338.28,12.7,18.8,28,Mobile,Gold,0
43,82.4,477.67,17.4,9.5,9,Desktop,Silver,2
41,50.4,306.41,48.8,16.8,41,Desktop,Platinum,2
26,53.8,364.81,17.4,12.0,23,Mobile,Basic,0
45,51.4,414.38,26.3,12.9,19,Mobile,Gold,2
51,51.0,270.53,35.9,24.9,27,Mobile,Silver,1
44,53.3,332.6,41.4,6.5,18,Mobile,Silver,2
33,58.4,388.68,39.4,13.5,29,Mobile,Silver,0
44,108.4,483.21,22.6,17.5,1,Mobile,Basic,0
43,34.3,159.7,5.0,8.1,27,Mobile,Basic,3
44,74.5,310.41,32.5,16.3,28,Mobile,Silver,0
33,42.8,270.27,20.4,12.5,43,Desktop,Gold,2
21,56.1,436.52,14.2,28.1,8,Desktop,Gold,1
34,95.1,249.92,13.6,22.1,16,Tablet,Basic,1
41,92.6,444.95,28.5,15.7,46,Mobile,Basic,0
28,42.6,368.07,20.7,22.4,16,Mobile,Silver,1
47,95.4,529.59,19.5,16.3,31,Desktop,Platinum,0
31,80.5,371.16,30.6,4.9,40,Mobile,Silver,0
39,85.8,761.74,27.4,14.8,26,Desktop,Gold,0
33,85.9,438.84,24.2,24.4,13,Desktop,Silver,0
38,50.6,240.18,22.5,12.4,19,Mobile,Basic,4
32,24.5,209.11,8.6,11.8,11,Tablet,Platinum,4
45,79.9,520.98,23.5,20.3,5,Desktop,Silver,0
39,20.0,538.84,37.7,14.8,31,Desktop,Gold,2
50,88.9,468.42,21.8,8.7,30,Mobile,Basic,0
39,48.7,341.37,26.7,25.2,9,Mobile,Basic,1
56,39.5,486.46,13.2,11.0,9,Desktop,Silver,2
37,29.0,94.17,23.1,8.9,25,Mobile,Basic,3
29,62.5,337.03,16.9,13.1,16,Desktop,Silver,0
61,65.0,358.64,21.8,16.3,56,Desktop,Gold,2
33,64.6,501.22,26.0,12.5,30,Mobile,Gold,0
48,,131.86,19.4,21.0,10,Mobile,Basic,4
33,88.3,439.38,18.1,26.7,1,Desktop,Gold,0
23,88.7,142.86,40.1,7.5,7,Mobile,Basic,1
32,40.1,76.36,34.6,20.3,22,Desktop,Silver,1
31,73.2,202.43,22.8,28.3,32,Mobile,Gold,1
25,101.6,640.9,24.5,26.7,30,Mobile,Basic,0
40,51.3,182.5,13.3,6.0,36,Tablet,Basic,3
30,123.5,591.48,20.8,21.1,33,Mobile,Platinum,0
37,20.0,411.71,5.0,17.3,2,Mobile,Basic,1
23,20.0,481.06,41.7,13.2,36,Mobile,Gold,0
30,49.5,329.06,38.6,16.1,33,Mobile,Silver,0
40,77.5,311.74,34.9,12.6,25,Mobile,Gold,1
18,107.7,308.28,28.1,19.8,37,Desktop,Silver,0
36,103.8,518.81,36.6,17.7,23,Desktop,Gold,0
22,93.1,355.86,18.3,20.1,13,Mobile,Gold,0
18,84.6,468.95,9.7,11.5,2,Desktop,Gold,0
56,86.8,282.68,32.9,12.0,33,Desktop,Gold,2
34,28.9,110.63,18.5,10.9,40,Desktop,Basic,3
25,100.0,418.74,20.9,17.7,17,Desktop,Silver,0
53,66.9,422.65,20.0,5.4,36,Mobile,Gold,0
27,69.5,462.76,15.9,12.7,36,Desktop,Gold,0
39,53.2,363.6,27.0,9.4,9,Desktop,Basic,0
28,76.3,190.36,5.4,19.2,34,Mobile,Basic,1
32,30.3,117.57,42.0,15.2,33,Tablet,Platinum,1
42,59.6,625.07,17.6,7.8,14,Tablet,Silver,0
43,97.8,390.6,10.1,7.2,11,Desktop,Basic,0
54,90.9,280.77,19.4,12.5,29,Mobile,Gold,0
65,111.3,304.51,24.6,10.6,31,Desktop,Silver,2
18,41.6,226.33,23.2,20.8,5,Mobile,Silver,4
24,39.6,371.81,23.2,17.3,20,Desktop,Platinum,0
25,41.3,537.55,38.2,27.7,35,Desktop,Gold,0
45,51.7,114.71,24.2,8.4,26,Desktop,Basic,3
26,50.5,145.02,24.1,12.3,25,Mobile,Silver,3
18,85.6,494.77,33.1,14.9,5,Mobile,Basic,0
34,92.7,521.41,23.8,6.7,12,Mobile,Gold,0
32,75.8,622.49,29.9,19.8,28,Mobile,Basic,0
21,65.6,210.61,26.1,20.1,34,Mobile,Gold,1
37,108.0,542.28,12.2,10.4,12,Desktop,Gold,0
29,62.1,456.7,25.6,10.2,21,Desktop,Silver,0
18,23.1,323.5,17.6,17.0,19,Mobile,Gold,1
53,75.0,628.62,27.2,25.7,37,Desktop,Basic,0
46,78.8,316.09,25.6,6.8,18,Desktop,Gold,2
28,73.1,440.94,28.1,12.7,29,Desktop,Gold,0
32,87.2,278.08,19.2,9.1,23,Mobile,Silver,0
27,23.9,412.72,24.4,25.9,13,Desktop,Silver,1
36,112.7,380.02,21.4,20.0,36,Desktop,Gold,0
26,32.8,119.8,16.4,18.1,14,Mobile,Gold,4
51,62.8,388.34,33.9,22.3,26,Mobile,Basic,1
38,113.8,218.89,8.8,13.7,36,Mobile,Platinum,0
46,39.3,360.28,12.4,14.5,25,Tablet,Silver,2
37,64.2,605.04,31.4,6.1,21,Mobile,Silver,0
48,43.7,112.86,15.3,11.1,37,Mobile,Gold,3
57,71.4,232.74,21.0,19.2,15,Tablet,Basic,0
18,41.5,226.66,19.2,21.3,17,Mobile,Gold,1
41,65.2,280.56,20.7,6.9,45,Mobile,Gold,0
31,26.0,665.15,35.7,15.5,28,Mobile,Silver,0
23,61.5,487.93,24.6,13.4,45,Desktop,Silver,2
60,76.3,470.13,36.7,13.2,51,Desktop,Basic,2
48,21.2,515.69,30.8,6.5,27,Desktop,Basic,0
34,56.1,616.45,21.7,16.3,40,Desktop,Basic,0
39,59.0,630.29,32.1,13.3,38,Tablet,Gold,2
46,22.6,234.84,9.7,15.2,37,Mobile,Silver,3
61,87.1,452.65,20.7,11.7,25,Desktop,Silver,0
24,73.1,378.26,29.4,23.5,24,Mobile,Basic,1
20,109.6,411.64,30.6,18.6,1,Desktop,Silver,0
41,60.3,124.62,28.6,10.3,48,Desktop,Basic,3
29,82.8,408.2,23.2,11.5,18,Mobile,Silver,0
18,76.2,50.0,23.5,13.1,31,Desktop,Silver,0
56,31.7,313.03,41.7,9.2,29,Tablet,Gold,2
49,64.2,618.45,17.7,3.0,39,Mobile,Platinum,0
37,64.1,170.7,19.9,26.9,20,Tablet,Basic,1
50,89.5,378.8,13.8,17.9,13,Desktop,Platinum,0
23,101.3,580.86,28.1,8.8,45,Tablet,Gold,0
45,68.9,372.71,25.6,12.6,51,Mobile,Platinum,0
27,35.8,438.84,24.3,24.7,25,Mobile,Silver,1
35,51.6,446.44,31.2,23.6,11,Tablet,Basic,0
29,45.6,307.37,14.8,14.4,1,Tablet,Basic,1
26,50.5,567.21,31.1,12.3,50,Desktop,Gold,2
39,51.0,179.55,22.6,10.9,35,Desktop,Basic,2
35,67.7,313.25,28.2,12.5,28,Desktop,Silver,0
42,87.4,420.49,32.3,8.6,23,Tablet,Platinum,0
33,95.7,146.93,16.5,23.7,1,Mobile,Gold,0
38,103.3,493.98,36.5,12.5,20,Mobile,Platinum,0
41,98.7,580.25,12.4,13.3,27,Desktop,Basic,0
36,45.5,260.66,18.2,17.1,3,Mobile,Gold,1
26,110.7,413.19,27.3,11.8,19,Mobile,Platinum,0
38,68.4,450.5,31.5,12.4,8,Desktop,Silver,0
44,88.1,384.59,14.3,13.6,23,Mobile,Silver,0
18,66.8,159.46,33.1,17.6,24,Mobile,Gold,1
36,72.8,357.7,32.8,12.9,23,Desktop,Silver,0
25,46.4,196.04,28.8,8.0,25,Mobile,Silver,1
20,83.7,354.85,35.4,17.4,42,Desktop,Gold,0
47,43.2,129.36,14.2,16.2,27,Tablet,Silver,3
24,69.8,68.73,11.2,9.5,10,Desktop,Silver,3
18,79.0,533.03,21.6,8.2,23,Mobile,Basic,0
30,55.5,290.43,26.2,19.5,30,Desktop,Silver,0
43,102.9,307.52,24.5,17.8,18,Mobile,Platinum,0
27,59.8,,17.0,9.2,28,Mobile,Silver,0
26,40.3,215.83,55.2,18.2,9,Tablet,Platinum,1
71,84.5,,20.5,16.8,42,Mobile,Silver,2
32,86.1,302.04,26.2,18.6,16,Mobile,Basic,1
64,94.2,251.94,39.5,15.0,40,Mobile,Gold,2
31,91.7,268.97,16.7,16.5,15,Tablet,Platinum,0
43,59.9,486.66,27.6,12.6,21,Mobile,Basic,0
32,60.1,447.3,17.8,10.1,38,Desktop,Silver,2
45,44.2,134.37,25.2,9.4,36,Desktop,Platinum,0
25,83.8,355.35,36.0,27.2,8,Mobile,Gold,1
38,71.9,168.32,32.7,5.9,12,Mobile,Basic,0
30,35.9,284.91,27.0,13.3,21,Desktop,Basic,0
25,28.3,183.93,10.5,15.6,12,Desktop,Platinum,4
60,94.3,430.46,29.6,4.6,36,Desktop,Basic,0
22,40.5,185.51,18.5,11.9,15,Mobile,Silver,4
30,53.3,172.8,12.8,12.6,17,Mobile,Silver,4
64,26.1,290.15,31.0,10.4,29,Desktop,Silver,2
18,26.7,178.53,29.0,10.3,7,Mobile,Gold,1
37,32.7,274.62,28.6,15.2,17,Mobile,Silver,1
34,46.1,162.59,23.0,9.0,12,Mobile,Silver,3
41,43.1,587.68,33.1,5.4,29,Desktop,Gold,0
36,37.7,258.28,46.6,13.4,21,Mobile,Gold,1
18,32.2,319.5,17.3,19.2,32,Mobile,Gold,1
34,59.4,468.81,24.5,17.3,43,Desktop,Gold,0
40,59.7,793.25,24.0,9.7,52,Mobile,Silver,0
29,78.3,589.63,5.0,19.6,17,Mobile,Platinum,0
27,85.9,301.33,34.5,19.7,26,Mobile,Silver,1
56,73.2,145.05,15.3,6.5,60,Tablet,Gold,3
26,105.4,508.58,41.4,13.4,5,Mobile,Gold,0
75,59.4,158.91,25.5,7.9,26,Desktop,Silver,3
18,41.9,243.71,23.3,11.2,1,Mobile,Silver,1
45,83.4,274.27,27.1,18.5,53,Desktop,Gold,2
38,61.7,263.31,26.0,26.7,5,Mobile,Gold,1
28,53.0,236.33,22.8,9.6,20,Mobile,Gold,2
32,73.7,564.58,23.0,16.6,24,Desktop,Platinum,0
37,44.8,377.33,39.5,11.1,19,Mobile,Silver,2
28,46.1,413.34,26.9,9.6,13,Mobile,Silver,0
26,47.0,52.9,19.0,7.9,15,Mobile,Silver,3
24,63.6,126.4,27.4,10.6,6,Mobile,Basic,4
48,91.0,459.59,35.1,5.6,27,Desktop,Gold,0
19,54.7,425.03,33.9,24.6,16,Desktop,Silver,0
75,89.4,252.68,53.8,14.7,18,Mobile,Platinum,2
54,57.6,356.84,30.8,14.9,24,Desktop,Gold,0
18,54.3,105.49,14.7,7.7,1,Desktop,Basic,3
43,71.2,238.31,31.6,21.5,36,Mobile,Silver,0
52,50.8,521.73,10.8,13.5,31,Tablet,Silver,0
18,38.2,238.55,22.2,12.9,23,Mobile,Basic,4
54,78.1,343.36,28.4,26.2,22,Mobile,Silver,1
34,81.7,139.92,42.4,10.9,13,Mobile,Basic,2
35,101.4,460.52,7.6,8.9,57,Desktop,Gold,0
28,36.9,231.87,31.3,17.2,37,Mobile,Gold,1
25,36.0,360.88,39.3,20.2,12,Mobile,Silver,1
42,47.1,285.96,27.7,29.8,8,Mobile,Basic,1
36,56.0,300.01,21.2,28.9,13,Mobile,Silver,1
22,61.2,266.84,50.3,18.3,20,Mobile,Platinum,1
43,76.9,,26.7,12.0,21,Desktop,Gold,0
47,112.2,371.84,26.1,14.0,11,Desktop,Gold,0
31,56.8,288.63,14.4,11.9,13,Tablet,Gold,2
39,83.8,679.64,18.5,11.2,32,Desktop,Silver,0
39,89.5,270.87,15.2,22.0,17,Desktop,Gold,1
30,54.8,428.11,6.0,15.4,19,Mobile,Gold,0
32,83.4,347.54,39.8,22.0,1,Tablet,Silver,1
31,62.2,50.0,25.0,10.3,51,Mobile,Basic,2
34,63.2,557.97,9.1,20.7,24,Mobile,Gold,0
18,69.2,525.89,20.6,17.9,36,Desktop,Basic,0
42,77.1,464.34,20.1,14.7,12,Desktop,Basic,0
26,41.7,324.92,33.8,18.7,17,Desktop,Silver,1
48,38.8,321.21,24.3,7.8,37,Desktop,Gold,2
25,78.1,449.06,27.5,15.6,24,Desktop,Silver,0
34,61.2,490.58,20.7,9.0,41,Desktop,Silver,2
30,83.2,266.89,34.5,8.9,33,Desktop,Silver,0
31,90.1,198.11,25.6,27.3,4,Desktop,Basic,1
25,57.8,128.52,9.4,12.9,10,Tablet,Basic,3
43,77.6,381.75,16.2,16.6,14,Desktop,Gold,0
52,60.1,239.57,27.0,17.8,20,Desktop,Silver,1
35,46.9,388.89,37.4,7.2,33,Mobile,Silver,0
39,106.2,501.07,22.9,8.5,23,Mobile,Basic,0
34,27.8,658.25,15.1,14.1,30,Mobile,Gold,0
18,96.6,262.58,27.9,17.1,1,Mobile,Silver,0
18,30.9,292.29,29.1,21.8,22,Mobile,Silver,1
43,105.5,304.89,27.1,19.0,27,Mobile,Silver,0
56,56.7,318.89,33.2,15.1,19,Mobile,Basic,1
38,56.7,269.28,29.0,12.3,20,Desktop,Silver,0
40,89.2,508.1,12.9,16.1,17,Desktop,Basic,0
52,81.9,342.21,29.7,18.7,9,Desktop,Silver,1
43,38.2,50.0,14.8,15.6,32,Mobile,Silver,4
27,58.6,251.43,19.7,19.6,43,Mobile,Platinum,0
24,48.3,130.16,9.8,12.8,22,Desktop,Gold,3
36,42.4,245.54,36.4,19.2,7,Tablet,Silver,1
48,75.7,273.54,24.5,18.6,13,Desktop,Silver,1
47,47.6,228.8,25.8,8.4,6,Tablet,Silver,1
40,59.4,376.33,22.8,13.1,32,Mobile,Silver,0
32,47.7,164.93,13.1,13.8,32,Mobile,Basic,0
40,83.6,290.17,32.4,18.5,16,Mobile,Silver,1
38,52.1,511.56,30.3,20.6,32,Mobile,Silver,0
39,51.6,183.38,27.5,12.3,56,Desktop,Basic,3
35,61.6,310.54,11.3,13.4,35,Mobile,Gold,0
37,102.2,221.99,23.7,16.4,24,Mobile,Gold,0
32,80.0,128.71,35.3,13.8,41,Desktop,Basic,2
23,66.7,455.45,17.8,16.1,10,Desktop,Gold,0
18,54.6,118.2,21.7,24.2,14,Desktop,Gold,1
31,36.5,348.55,33.0,10.8,8,Tablet,Basic,1
18,29.5,104.33,12.6,7.5,47,Mobile,Silver,3
55,91.7,430.41,30.7,16.4,42,Mobile,Platinum,2
18,51.6,224.79,41.5,16.5,10,Mobile,Basic,1
44,59.7,491.18,21.4,16.9,29,Desktop,Silver,1
22,59.2,50.0,20.3,5.9,55,Mobile,Basic,3
40,63.0,554.99,19.3,11.1,24,Mobile,Platinum,0
23,82.9,581.59,29.4,18.2,1,Mobile,Basic,0
50,63.4,104.74,17.0,11.7,1,Mobile,Gold,0
39,53.2,676.05,22.8,12.6,30,Desktop,Basic,0
26,44.3,271.24,19.1,18.9,21,Mobile,Silver,1
42,21.6,78.96,38.4,24.6,24,Mobile,Silver,1
23,59.3,305.18,45.9,20.8,22,Mobile,Silver,1
18,75.7,238.15,27.8,15.7,25,Desktop,Silver,0
51,39.0,618.91,26.1,6.7,19,Desktop,Silver,2
46,89.8,532.67,35.0,13.8,29,Mobile,Basic,0
37,20.0,218.03,31.6,19.5,13,Mobile,Gold,1
18,76.3,384.26,24.0,19.6,26,Tablet,Silver,1
40,68.6,527.39,17.3,17.0,23,Mobile,Silver,0
36,75.8,324.05,12.2,6.8,21,Desktop,Basic,0
38,112.0,443.23,12.0,14.0,39,Mobile,Basic,0
36,89.6,372.84,33.8,19.4,2,Desktop,Platinum,2
26,48.5,204.55,29.3,4.0,17,Desktop,Gold,3
32,26.8,205.45,16.4,10.1,5,Mobile,Basic,1
27,95.4,313.93,36.4,12.6,29,Mobile,Gold,0
32,64.9,505.87,24.0,11.3,25,Desktop,Gold,0
46,65.2,405.69,19.5,5.1,25,Desktop,Gold,2
21,79.7,65.98,32.1,13.6,4,Desktop,Silver,2
34,77.8,671.87,16.0,9.5,14,Desktop,Platinum,0
29,69.0,369.06,21.1,11.2,15,Mobile,Silver,0
20,81.5,277.21,26.9,10.5,26,Mobile,Gold,2
19,77.4,375.62,27.9,18.6,11,Mobile,Gold,0
36,50.3,469.82,24.8,9.5,8,Mobile,Platinum,0
45,64.1,645.33,17.4,22.4,26,Mobile,Gold,0
41,68.8,247.56,8.7,13.3,7,Mobile,Gold,1
33,41.5,193.46,20.3,10.6,19,Mobile,Platinum,3
28,36.3,227.5,11.1,15.0,9,Mobile,Silver,4
32,78.6,355.14,15.7,20.7,23,Mobile,Gold,1
34,55.1,293.32,17.8,18.6,3,Mobile,Basic,1
28,54.0,490.39,22.5,12.9,7,Mobile,Basic,0
28,75.6,396.08,33.7,18.2,24,Mobile,Basic,1
28,93.2,567.0,24.7,23.7,29,Mobile,Platinum,0
36,59.5,153.77,21.1,19.7,18,Mobile,Gold,1
36,76.8,469.23,25.1,8.0,1,Mobile,Basic,0
26,64.4,273.23,24.6,20.5,33,Desktop,Gold,0
26,65.9,542.23,21.2,12.9,46,Mobile,Silver,0
36,110.3,176.51,20.0,17.0,25,Tablet,Basic,0
18,70.4,820.95,27.0,18.0,16,Mobile,Platinum,0
46,96.7,511.13,25.6,6.6,3,Tablet,Gold,0
39,37.3,79.26,23.6,8.7,2,Mobile,Gold,4
30,64.8,648.03,31.9,11.3,41,Desktop,Gold,0
48,50.3,337.13,25.9,25.6,19,Mobile,Gold,1
54,72.9,147.36,19.3,9.8,1,Desktop,Basic,3
36,39.2,213.17,16.9,14.8,33,Mobile,Silver,4
31,80.2,139.13,23.8,24.3,31,Mobile,Gold,1
52,74.1,395.61,27.1,12.2,16,Desktop,Gold,2
40,70.6,576.8,14.6,6.3,24,Mobile,Platinum,0
56,99.2,328.73,29.1,11.8,29,Desktop,Gold,0
19,49.7,438.66,16.7,9.5,27,Desktop,Platinum,0
21,95.6,226.68,27.3,21.8,3,Desktop,Gold,1
28,59.9,322.83,44.4,35.0,7,Mobile,Basic,1
22,77.1,138.16,30.2,15.6,28,Desktop,Basic,0
40,79.0,248.24,26.4,24.3,27,Desktop,Gold,0
23,71.0,226.98,40.9,24.8,14,Desktop,Silver,1
18,66.2,543.06,22.5,15.7,1,Desktop,Silver,0
23,31.6,386.16,35.2,13.5,19,Mobile,Basic,1
34,40.4,354.23,39.0,21.6,22,Mobile,Silver,1
44,44.4,368.96,34.7,14.0,14,Desktop,Platinum,2
52,47.4,485.97,29.6,16.8,7,Desktop,Basic,2
62,79.4,75.58,20.4,10.5,38,Mobile,Silver,3
33,20.0,361.08,26.6,12.8,21,Desktop,Silver,1
33,113.9,461.09,39.6,7.9,57,Mobile,Gold,2
18,51.2,410.47,35.1,12.6,29,Mobile,Gold,1
20,83.7,425.49,26.3,7.1,19,Desktop,Gold,0
33,103.9,568.1,26.9,9.9,12,Mobile,Gold,0
29,71.4,425.43,32.2,12.5,34,Mobile,Gold,0
38,21.6,315.72,28.7,14.9,3,Mobile,Silver,0
18,65.4,224.26,,20.1,18,Mobile,Platinum,1
58,60.5,468.39,5.7,16.4,11,Mobile,Basic,2
46,57.2,351.62,17.3,16.3,33,Tablet,Platinum,0
52,123.0,547.53,27.9,8.9,47,Mobile,Gold,0
31,40.4,50.0,21.4,17.4,19,Desktop,Basic,4
37,77.8,440.89,25.2,22.8,30,Tablet,Gold,0
40,72.0,204.31,25.2,15.1,26,Mobile,Silver,1
37,79.7,256.47,33.1,24.4,5,Desktop,Silver,1
25,70.0,282.72,23.3,19.4,13,Mobile,Basic,1
26,69.9,460.26,23.7,13.7,27,Mobile,Gold,0
32,35.5,425.67,26.2,17.8,26,Mobile,Basic,0
40,76.3,348.67,16.1,13.7,15,Mobile,Silver,0
37,55.9,324.75,34.4,18.9,17,Mobile,Silver,1
20,55.8,160.43,29.8,16.0,17,Desktop,Basic,1
37,65.2,182.44,36.4,19.2,22,Desktop,Basic,0
36,68.9,366.22,40.5,9.6,15,Mobile,Gold,1
61,104.8,504.86,34.0,10.2,34,Desktop,Silver,2
28,76.2,391.17,27.1,19.4,15,Mobile,Gold,0
34,67.4,372.12,36.7,22.5,4,Mobile,Basic,1
36,31.8,313.75,32.6,8.4,7,Desktop,Gold,1
26,54.3,82.45,36.8,15.2,47,Mobile,Basic,0
33,80.7,583.69,38.1,17.5,24,Mobile,Gold,0
27,55.9,418.19,25.7,26.4,17,Mobile,Gold,1
49,64.7,161.66,27.4,16.4,51,Mobile,Silver,3
50,22.6,457.77,18.5,16.5,60,Desktop,Basic,2
19,23.9,269.37,36.4,24.5,20,Mobile,Basic,1
26,33.6,220.41,37.4,14.2,35,Mobile,Basic,2
21,102.3,779.59,29.5,18.7,22,Mobile,Silver,0
26,48.1,218.46,30.5,14.9,40,Mobile,Basic,1
29,63.3,330.81,31.6,13.2,15,Mobile,Platinum,1
37,77.1,296.53,35.3,3.0,21,Desktop,Basic,0
58,34.0,655.97,29.8,13.5,8,Desktop,Silver,2
35,57.5,274.81,16.2,11.7,30,Desktop,Gold,1
27,71.8,634.77,15.2,20.6,17,Desktop,Gold,0
27,49.5,64.15,6.7,10.2,35,Desktop,Silver,3
55,102.2,560.71,28.7,21.2,1,Mobile,Silver,0
42,60.1,902.95,,15.5,19,Mobile,Silver,0
22,31.4,531.82,21.6,24.7,9,Desktop,Gold,0
62,70.2,306.03,39.5,8.8,34,Mobile,Silver,2
49,81.3,228.99,32.1,3.1,14,Desktop,Basic,2
44,76.7,534.99,23.7,17.0,28,Tablet,Platinum,0
26,48.6,,48.1,27.2,7,Mobile,Basic,1
24,64.3,464.84,25.4,21.2,40,Mobile,Gold,0
52,88.4,421.82,24.1,9.6,13,Mobile,Gold,2
34,66.2,353.48,41.5,28.9,4,Desktop,Gold,1
34,58.4,666.69,20.3,4.0,24,Desktop,Silver,0
47,45.4,110.16,18.5,16.7,37,Desktop,Basic,3
35,52.8,182.56,29.8,11.0,39,Mobile,Gold,0
18,99.4,494.03,21.4,10.5,43,Mobile,Basic,0
39,81.1,258.37,22.7,19.4,27,Mobile,Silver,1
29,30.8,270.74,20.5,8.3,27,Desktop,Gold,4
33,74.8,392.78,19.1,21.1,18,Mobile,Basic,0
49,97.6,390.77,34.8,15.5,14,Mobile,Basic,0
30,102.5,762.43,27.6,12.2,23,Mobile,Basic,0
23,53.6,292.07,28.5,18.7,26,Mobile,Basic,1
33,105.9,376.32,29.8,11.3,28,Mobile,Basic,0
39,74.5,241.57,18.9,15.3,28,Tablet,Gold,1
45,58.0,99.03,22.8,8.2,12,Desktop,Silver,4
33,44.2,386.0,24.7,27.5,4,Mobile,Silver,1
27,64.7,678.09,35.5,19.4,24,Desktop,Gold,0
42,75.4,673.0,31.5,16.2,18,Mobile,Basic,0
40,91.7,233.36,9.4,10.2,19,Mobile,Gold,0
44,56.3,68.82,30.2,8.0,50,Tablet,Silver,3
34,68.2,283.38,26.6,26.3,29,Mobile,Gold,0
41,78.2,440.57,29.0,5.9,23,Desktop,Basic,0
23,43.2,146.66,41.2,15.9,12,Mobile,Gold,1
18,102.7,697.18,37.4,18.3,11,Mobile,Silver,0
22,35.0,217.3,31.6,17.3,13,Desktop,Silver,1
57,66.0,500.41,18.3,18.8,18,Desktop,Silver,0
27,20.0,445.53,24.7,9.4,60,Desktop,Platinum,2
29,56.7,50.0,16.4,9.9,31,Mobile,Basic,3
43,25.3,252.21,24.8,26.1,13,Mobile,Basic,1
32,52.0,53.19,17.6,5.0,18,Mobile,Platinum,4
28,98.7,422.88,18.8,21.0,14,Mobile,Basic,0
43,63.4,243.46,16.6,27.4,23,Mobile,Basic,1
44,57.0,303.84,40.3,29.2,17,Mobile,Platinum,1
18,31.6,210.9,20.7,9.9,36,Mobile,Gold,1
35,39.3,623.6,9.4,17.6,2,Mobile,Platinum,0
31,99.9,204.91,23.8,18.1,30,Tablet,Gold,0
29,113.7,208.41,34.3,15.9,31,Desktop,Gold,0
27,69.3,232.26,22.6,16.6,31,Mobile,Basic,0
39,39.9,365.67,19.7,8.4,14,Desktop,Gold,0
33,40.2,272.07,,16.9,29,Desktop,Silver,2
37,94.9,722.36,15.5,15.7,12,Mobile,Silver,0
32,57.4,821.83,21.3,19.9,16,Desktop,Gold,0
42,44.4,377.64,33.3,17.7,7,Mobile,Basic,1
42,50.8,87.85,36.5,27.8,1,Mobile,Silver,1
31,33.2,172.65,10.4,8.0,10,Desktop,Silver,3
36,73.3,244.82,31.0,12.6,17,Tablet,Basic,1
28,71.8,415.65,22.5,25.5,45,Desktop,Gold,0
63,64.5,333.76,30.1,11.2,14,Mobile,Gold,2
36,26.8,293.76,20.1,19.5,20,Mobile,Silver,1
23,84.2,366.38,29.5,15.0,22,Mobile,Gold,0
37,47.4,533.63,18.7,17.9,15,Mobile,Basic,1
34,20.0,154.76,15.5,9.7,37,Tablet,Gold,3
31,67.5,819.71,7.8,8.6,11,Mobile,Gold,0
37,65.5,540.48,24.9,16.3,39,Mobile,Gold,0
38,123.4,534.75,26.2,8.1,33,Desktop,Platinum,0
36,131.7,578.31,34.9,15.3,22,Mobile,Platinum,0
34,84.3,373.08,26.8,15.4,36,Mobile,Silver,0
28,62.2,376.41,23.1,23.3,29,Mobile,Gold,1
28,83.7,693.8,25.1,14.2,8,Mobile,Silver,0
40,27.3,103.57,12.9,12.8,16,Desktop,Basic,3
39,116.9,470.97,28.2,13.5,1,Desktop,Basic,2
47,64.2,272.68,35.7,24.1,14,Desktop,Silver,1
51,59.4,388.56,40.4,15.1,13,Desktop,Gold,2
47,75.7,394.6,14.1,11.5,38,Mobile,Platinum,0
48,74.6,206.43,42.0,10.0,23,Desktop,Silver,1
37,50.6,263.44,56.9,20.5,24,Mobile,Silver,1
52,29.5,421.42,21.5,7.9,19,Desktop,Gold,2
33,82.1,457.87,24.6,15.8,45,Mobile,Gold,2
23,41.1,351.67,22.1,13.6,23,Mobile,Gold,0
39,22.7,231.4,10.8,7.9,38,Desktop,Silver,3
42,73.4,606.61,34.3,11.7,36,Mobile,Basic,0
42,44.3,98.27,26.9,5.4,13,Mobile,Basic,3
33,47.1,279.32,20.1,6.7,16,Mobile,Gold,4
30,69.5,365.99,14.4,7.7,29,Mobile,Basic,0
34,77.7,272.64,16.2,10.4,60,Tablet,Silver,2
37,46.9,667.34,23.0,8.4,18,Tablet,Silver,0
28,127.4,309.42,29.9,5.1,23,Mobile,Gold,0
50,62.8,248.24,34.2,16.4,31,Mobile,Gold,1
39,28.4,426.69,29.0,26.2,25,Mobile,Gold,1
26,83.7,50.0,12.3,10.1,29,Desktop,Basic,3
43,54.7,253.15,29.8,17.0,1,Desktop,Silver,1
30,20.0,222.83,39.1,11.4,25,Mobile,Basic,1
36,40.0,536.45,35.3,14.6,44,Desktop,Gold,2
23,64.5,303.07,20.3,10.8,5,Desktop,Silver,4
23,95.4,379.28,,9.1,15,Desktop,Gold,0
30,42.0,111.72,18.4,10.5,17,Mobile,Basic,4
37,82.0,633.59,22.3,17.7,46,Desktop,Gold,0
37,49.2,329.28,27.5,16.3,19,Desktop,Basic,2
34,96.5,482.33,24.9,16.2,10,Mobile,Silver,0
37,93.4,564.84,34.1,22.3,26,Tablet,Platinum,0
34,104.5,344.85,15.6,13.3,19,Mobile,Gold,0
36,44.8,402.82,18.1,19.2,15,Desktop,Silver,1
38,72.4,553.69,31.7,16.3,29,Mobile,Gold,0
31,82.5,406.26,22.7,16.9,29,Mobile,Gold,0
18,69.5,205.76,21.9,14.6,30,Mobile,Basic,1
43,55.1,154.48,19.7,13.0,11,Mobile,Basic,3
39,85.1,379.11,23.1,21.3,16,Mobile,Gold,0
46,87.6,240.16,22.9,4.6,35,Mobile,Gold,0
21,78.3,447.23,21.7,6.3,28,Desktop,Gold,0
48,49.0,448.22,29.7,11.6,33,Desktop,Gold,0
55,71.3,267.07,16.4,12.9,24,Desktop,Silver,2
63,37.8,322.64,24.1,13.3,1,Desktop,Basic,2
41,56.4,347.15,32.0,27.7,33,Desktop,Basic,1
40,125.1,330.32,24.1,9.8,12,Desktop,Platinum,0
52,76.4,319.37,25.8,8.1,19,Tablet,Silver,2
41,66.0,435.71,20.3,18.6,9,Tablet,Basic,1
62,53.9,500.15,41.1,13.7,34,Mobile,Silver,2
27,52.3,462.44,19.6,21.2,25,Desktop,Basic,1
41,74.2,154.4,39.9,16.5,29,Desktop,Basic,2
18,36.9,274.64,45.2,23.8,12,Mobile,Basic,1
38,73.5,720.96,,3.6,19,Desktop,Gold,0
27,43.9,50.0,18.5,10.6,17,Desktop,Silver,4
21,31.7,222.6,22.6,15.0,32,Desktop,Silver,1
32,33.9,199.18,40.2,13.2,24,Mobile,Silver,1
49,63.2,325.86,24.4,12.5,51,Mobile,Gold,0
26,20.0,293.74,22.5,20.5,1,Desktop,Silver,1
33,41.1,277.95,29.4,33.2,15,Mobile,Basic,1
37,86.2,563.36,40.6,12.0,16,Desktop,Silver,0
26,92.8,376.25,38.8,7.8,36,Desktop,Basic,0
43,64.5,168.27,35.3,20.8,1,Mobile,Basic,1
65,57.4,542.56,27.4,15.9,17,Desktop,Platinum,2
28,39.4,50.0,21.5,24.2,4,Mobile,Silver,1
37,57.1,633.05,30.9,16.0,28,Mobile,Silver,0
41,71.4,350.23,25.3,17.7,9,Mobile,Silver,1
18,34.9,128.6,35.9,18.9,10,Desktop,Silver,0
40,117.3,432.86,19.8,9.6,24,Desktop,Platinum,0
31,100.1,529.33,24.1,11.2,21,Mobile,Gold,0
23,65.4,442.62,35.9,9.2,27,Mobile,Basic,0
50,76.6,312.97,32.1,19.1,12,Mobile,Basic,0
23,83.2,445.05,21.2,20.3,17,Desktop,Gold,0
32,38.4,389.54,26.5,20.0,18,Mobile,Gold,0
37,70.2,652.06,13.2,17.1,21,Mobile,Gold,0
37,39.9,298.81,26.3,17.7,1,Mobile,Silver,1
19,27.0,174.4,35.0,22.7,25,Mobile,Basic,1
29,94.1,513.9,19.7,20.2,30,Mobile,Silver,0
27,101.3,217.99,44.9,7.7,12,Desktop,Gold,2
41,88.5,329.76,31.7,16.2,20,Mobile,Platinum,0
33,74.1,319.19,8.4,25.3,26,Mobile,Gold,1
31,77.3,466.91,9.2,13.0,20,Mobile,Platinum,0
33,64.5,549.43,,19.6,31,Desktop,Gold,0
53,33.7,314.42,22.8,39.7,24,Mobile,Gold,1
18,40.9,211.44,26.1,22.2,23,Mobile,Basic,1
18,46.4,95.71,29.7,11.8,25,Mobile,Basic,3
35,24.6,346.14,26.0,15.2,31,Mobile,Silver,1
23,52.4,223.05,18.2,7.2,7,Desktop,Basic,4
28,71.1,443.8,23.7,14.4,47,Desktop,Gold,0
40,76.4,511.49,26.8,19.0,12,Desktop,Platinum,0
18,76.7,254.07,20.7,14.2,6,Desktop,Basic,0
43,65.9,491.17,24.2,12.9,4,Mobile,Platinum,0
31,68.4,186.63,27.8,19.6,29,Tablet,Silver,1
32,46.1,166.55,27.1,22.4,19,Mobile,Silver,1
47,34.4,686.9,27.1,17.0,35,Tablet,Gold,0
40,33.9,192.37,14.6,7.0,25,Tablet,Gold,3
40,65.1,337.23,40.1,13.8,17,Mobile,Basic,2
31,64.7,284.74,27.3,12.7,13,Tablet,Platinum,0
40,92.0,413.15,39.3,26.1,30,Desktop,Basic,0
23,57.6,197.6,20.0,8.8,31,Desktop,Basic,0
42,98.4,396.99,27.5,16.7,39,Desktop,Gold,0
18,61.7,604.77,29.6,14.4,18,Mobile,Gold,0
42,56.6,231.12,35.0,17.7,18,Tablet,Silver,1
37,36.8,241.19,16.3,17.3,31,Mobile,Gold,0
48,36.2,452.66,27.0,16.2,20,Mobile,Gold,0
35,51.0,228.98,16.3,10.7,19,Mobile,Platinum,4
51,29.9,135.59,32.7,18.0,19,Mobile,Gold,1
40,59.3,105.69,11.5,7.6,26,Mobile,Gold,3
22,74.3,459.11,22.1,16.0,5,Mobile,Silver,0
44,121.1,317.88,23.1,11.5,27,Desktop,Basic,0
40,33.0,307.15,12.1,18.5,15,Desktop,Basic,1
33,68.8,375.76,22.9,16.2,27,Mobile,Basic,0
36,63.5,612.05,37.2,8.6,26,Desktop,Silver,0
32,56.0,329.5,27.0,30.1,23,Mobile,Gold,1
31,69.6,351.12,17.5,20.8,23,Tablet,Silver,1
34,30.1,253.37,32.8,13.8,26,Mobile,Silver,0
26,60.9,323.1,51.9,17.1,35,Desktop,Basic,1
37,72.5,449.15,20.0,19.5,14,Desktop,Gold,0
49,94.4,535.86,19.9,11.1,10,Mobile,Basic,0
28,99.0,363.16,25.8,13.7,7,Desktop,Gold,0
43,86.9,336.08,19.1,17.3,43,Tablet,Gold,0
39,94.6,371.12,33.8,12.9,27,Desktop,Silver,0
35,30.3,306.02,32.3,10.6,14,Desktop,Gold,4
47,56.2,279.6,49.0,11.9,10,Mobile,Silver,1
40,56.6,475.03,34.2,5.3,20,Desktop,Basic,2
24,84.0,345.87,29.7,15.0,12,Mobile,Basic,0
49,103.4,493.55,23.1,9.7,37,Mobile,Gold,0
28,84.1,273.68,20.0,9.8,12,Tablet,Gold,0
28,93.1,186.82,28.5,16.3,36,Mobile,Gold,0
27,94.8,524.54,21.1,19.5,19,Mobile,Silver,0
52,43.1,311.18,22.1,13.1,36,Mobile,Platinum,2
19,62.3,132.33,51.9,16.9,28,Desktop,Gold,1
18,70.2,284.86,34.7,19.5,19,Tablet,Gold,1
21,52.2,238.01,22.9,20.8,22,Mobile,Platinum,1
46,53.6,124.88,21.2,13.5,11,Desktop,Basic,3
19,102.7,488.22,32.7,20.6,29,Desktop,Silver,0
37,53.3,181.55,28.7,8.8,49,Desktop,Gold,0
35,90.0,457.99,33.0,4.8,35,Mobile,Platinum,0
40,58.4,386.76,38.9,9.9,4,Desktop,Silver,2
25,62.3,274.7,21.0,10.1,20,Mobile,Silver,4
37,81.0,489.91,25.4,20.9,21,Desktop,Platinum,0
40,54.7,111.1,10.3,10.6,31,Mobile,Basic,3
18,91.6,467.13,16.0,9.3,52,Desktop,Basic,2
30,83.2,457.52,22.7,16.9,18,Mobile,Silver,0
25,42.9,505.41,23.6,16.8,30,Desktop,Platinum,0
25,86.6,483.27,42.5,15.0,29,Mobile,Silver,0
27,48.6,198.51,15.4,12.7,20,Desktop,Basic,4
42,57.4,305.45,28.6,12.1,11,Desktop,Basic,0
67,43.7,151.93,20.9,12.9,31,Mobile,Platinum,2
54,59.6,485.42,34.0,11.7,32,Desktop,Silver,0
58,50.0,457.88,39.8,6.8,21,Desktop,Gold,2
39,76.4,583.72,29.1,15.5,1,Desktop,Gold,0
18,,331.76,31.9,8.2,10,Desktop,Silver,1
37,61.8,235.68,39.9,12.7,20,Mobile,Silver,2
69,61.2,298.06,26.1,9.5,28,Desktop,Platinum,2
21,63.4,92.35,15.4,7.9,13,Mobile,Gold,3
38,92.9,341.55,10.3,9.9,19,Mobile,Platinum,0
18,44.2,224.85,29.8,11.3,24,Mobile,Silver,1
29,88.4,532.54,24.7,15.9,32,Mobile,Gold,0
42,108.3,582.33,37.3,3.0,31,Mobile,Platinum,0
35,73.5,167.44,24.9,25.4,7,Tablet,Basic,1
37,74.7,420.61,29.6,9.4,15,Mobile,Silver,0
47,40.6,358.63,21.2,24.2,2,Mobile,Silver,1
24,38.1,236.62,8.8,12.1,9,Mobile,Basic,4
27,109.1,567.08,13.2,10.6,34,Mobile,Gold,0
40,59.8,85.83,26.0,19.2,18,Mobile,Basic,1
29,64.3,372.15,23.9,16.5,45,Desktop,Gold,0
30,54.9,570.21,24.9,18.7,13,Mobile,Platinum,0
30,67.7,523.57,31.2,13.2,28,Desktop,Gold,0
55,77.2,96.74,30.2,10.4,13,Desktop,Basic,3
51,34.8,81.81,16.3,7.4,2,Desktop,Basic,3
44,59.8,51.88,10.6,8.4,28,Tablet,Basic,3
36,56.6,170.57,20.2,8.6,16,Desktop,Silver,4
40,59.6,335.92,22.3,7.2,21,Tablet,Silver,0
41,77.0,205.5,15.2,12.0,32,Mobile,Platinum,0
60,83.1,403.99,37.0,22.8,22,Mobile,Silver,1
29,57.3,267.55,32.7,7.4,23,Mobile,Silver,1
44,54.1,414.47,27.3,10.7,1,Mobile,Basic,0
33,74.6,351.11,14.5,15.7,22,Mobile,Gold,0
18,20.0,239.85,31.3,18.6,12,Mobile,Silver,1
36,50.9,243.65,14.6,14.2,18,Mobile,Basic,1
38,71.7,656.89,20.4,21.4,27,Desktop,Gold,0
25,49.1,157.65,39.4,22.0,29,Desktop,Silver,1
23,72.8,240.22,30.0,24.4,41,Desktop,Gold,1
25,57.8,270.41,44.1,19.1,31,Mobile,Silver,1
26,92.1,320.35,29.9,10.2,36,Mobile,Gold,0
53,85.8,229.97,18.7,7.7,12,Desktop,Silver,2
41,41.1,373.47,15.7,19.3,19,Desktop,Silver,0
41,55.9,410.26,17.8,21.2,19,Mobile,Basic,0
42,80.1,508.09,39.0,10.5,35,Desktop,Gold,2
21,65.7,322.32,39.3,27.5,8,Desktop,Basic,1
36,30.5,200.06,30.3,19.2,8,Mobile,Platinum,0
20,44.9,157.73,23.8,8.8,17,Mobile,Silver,1
32,40.5,346.88,6.9,24.3,1,Mobile,Silver,1
40,31.4,565.82,16.4,7.2,57,Mobile,Silver,2
43,59.8,130.61,21.2,11.9,49,Mobile,Platinum,2
30,53.0,198.48,41.0,25.4,26,Mobile,Silver,1
45,56.0,249.14,34.5,21.3,7,Mobile,Silver,1
36,101.6,180.66,26.0,18.3,34,Mobile,Silver,0
29,98.8,193.57,15.3,12.7,12,Desktop,Silver,0
23,72.1,448.76,22.3,7.1,16,Tablet,Silver,0
24,66.4,321.96,14.5,17.7,13,Mobile,Silver,1
19,41.0,242.15,33.6,22.9,20,Mobile,Basic,1
34,39.3,440.81,20.4,6.7,53,Desktop,Platinum,0
31,89.6,275.65,22.5,10.2,33,Desktop,Silver,0
31,68.9,319.99,40.6,14.4,27,Mobile,Basic,1
30,46.9,315.97,19.9,14.0,18,Mobile,Gold,0
39,58.6,373.67,35.6,15.4,34,Tablet,Gold,2
39,81.2,402.8,32.2,10.4,1,Desktop,Silver,0
28,59.9,252.6,35.6,20.4,17,Mobile,Gold,1
46,47.4,114.63,14.3,9.4,20,Mobile,Silver,3
44,40.1,530.58,18.3,17.8,23,Desktop,Silver,0
41,64.1,215.96,38.1,12.3,1,Mobile,Silver,1
27,66.3,391.44,19.8,4.4,26,Desktop,Basic,0
29,42.5,419.8,27.6,20.4,26,Mobile,Basic,1
42,53.4,149.67,25.2,21.1,1,Mobile,Silver,1
40,104.7,579.95,28.2,13.5,29,Desktop,Gold,0
34,51.9,329.83,24.7,23.0,11,Mobile,Silver,1
33,39.7,204.6,13.7,11.2,15,Tablet,Silver,3
35,80.8,172.33,13.8,10.2,8,Tablet,Gold,0
24,77.5,386.39,24.2,11.9,30,Desktop,Gold,0
61,29.0,86.21,24.0,14.5,37,Mobile,Basic,3
36,52.0,200.12,27.1,19.9,7,Mobile,Gold,1
39,65.5,113.75,26.9,6.9,34,Mobile,Basic,3
42,40.1,262.16,28.4,21.3,23,Mobile,Basic,1
66,88.2,453.2,26.3,20.5,45,Tablet,Silver,2
30,82.9,538.96,30.6,14.1,6,Tablet,Gold,0
32,63.0,524.39,17.2,10.9,52,Mobile,Gold,2
40,62.4,109.82,24.2,10.7,32,Tablet,Silver,3
40,49.7,185.55,34.7,19.2,14,Desktop,Silver,1
33,75.2,272.73,,16.1,24,Desktop,Silver,0
36,126.8,481.16,5.0,9.4,30,Mobile,Basic,0
23,65.5,479.09,28.1,9.9,34,Desktop,Basic,0
38,56.3,292.0,28.1,12.2,22,Desktop,Platinum,0
42,84.6,312.61,24.6,10.3,34,Mobile,Gold,0
32,71.5,282.42,35.6,20.3,7,Desktop,Silver,1
36,84.2,102.85,33.8,16.1,9,Mobile,Gold,1
31,81.9,127.12,35.8,24.5,35,Mobile,Platinum,0
19,76.5,371.63,34.5,22.0,21,Mobile,Silver,1
32,66.5,618.09,24.8,14.9,41,Desktop,Gold,0
21,83.0,299.16,21.4,15.9,24,Desktop,Gold,0
43,48.1,804.4,24.8,21.1,1,Tablet,Silver,0
29,28.7,193.86,30.5,18.0,31,Mobile,Silver,1
30,54.4,623.39,26.3,15.2,28,Mobile,Silver,0
36,69.7,502.05,11.9,15.9,16,Desktop,Platinum,0
37,93.1,366.56,34.6,6.3,43,Mobile,Gold,0
34,32.1,469.78,25.0,10.4,13,Desktop,Basic,2
53,55.5,453.62,26.7,13.0,17,Desktop,Silver,0
28,84.3,202.3,37.5,9.5,10,Mobile,Silver,1
35,53.0,52.12,50.0,21.1,18,Desktop,Gold,1
41,22.0,423.37,19.3,17.0,18,Mobile,Silver,2
21,48.4,109.89,16.7,16.2,36,Desktop,Silver,3
43,134.9,421.81,18.5,15.8,7,Desktop,Gold,0
28,62.2,438.05,21.0,7.4,19,Desktop,Silver,0
57,71.0,160.09,21.4,7.4,47,Tablet,Basic,3
36,32.5,188.61,17.4,7.7,22,Mobile,Basic,1
32,51.6,208.66,45.2,10.8,3,Mobile,Gold,1
24,35.6,313.82,32.3,20.7,12,Mobile,Basic,1
44,83.2,391.14,35.1,25.9,6,Desktop,Basic,1
38,55.1,168.97,25.8,6.7,28,Mobile,Basic,3
18,49.6,57.22,20.4,17.4,19,Mobile,Basic,4
46,98.8,392.57,20.2,12.5,59,Mobile,Silver,2
41,70.5,370.2,14.9,5.2,7,Mobile,Silver,0
64,49.9,50.0,28.3,13.7,45,Mobile,Basic,3
36,103.0,366.76,19.0,18.5,39,Tablet,Silver,0
36,70.0,325.61,15.8,11.9,12,Desktop,Gold,0
43,36.2,162.77,22.1,11.5,21,Desktop,Silver,3
33,89.4,615.22,21.3,14.6,25,Desktop,Basic,0
45,,500.98,36.2,13.0,28,Mobile,Silver,0
38,79.8,533.26,25.6,17.3,44,Desktop,Gold,0
48,45.5,112.04,23.4,10.3,39,Desktop,Silver,3
18,91.6,214.75,32.0,24.4,32,Mobile,Gold,1
46,58.6,554.32,41.0,18.9,10,Mobile,Silver,1
45,89.9,96.99,14.9,17.4,45,Desktop,Silver,0
32,69.6,314.29,38.7,9.8,55,Mobile,Silver,2
41,41.5,215.28,22.4,13.5,21,Desktop,Silver,2
18,66.4,249.86,18.1,16.2,22,Desktop,Silver,0
35,111.1,556.83,17.3,24.7,27,Mobile,Gold,0
38,83.6,424.78,35.2,24.7,1,Mobile,Gold,0
18,54.2,241.54,22.1,13.5,22,Desktop,Basic,4
25,59.7,349.82,43.5,20.3,16,Mobile,Basic,1
39,32.1,158.48,9.8,11.2,29,Mobile,Gold,3
19,45.1,321.95,22.2,22.4,23,Desktop,Platinum,0
52,92.9,489.51,27.9,9.2,37,Desktop,Silver,2
56,69.6,416.65,29.6,10.5,37,Desktop,Silver,2
24,64.2,201.73,22.1,9.3,22,Desktop,Silver,1
31,49.8,87.16,21.5,9.4,4,Mobile,Silver,4
18,100.9,365.89,11.0,10.2,15,Mobile,Gold,0
22,94.6,382.54,26.8,12.5,48,Desktop,Basic,0
50,48.3,204.62,37.7,26.0,10,Mobile,Gold,1
52,97.7,449.94,28.0,9.3,60,Desktop,Basic,2
23,60.7,331.0,35.6,32.8,18,Desktop,Silver,1
34,92.5,479.16,32.4,18.6,19,Mobile,Silver,0
18,53.4,50.0,28.4,20.8,27,Desktop,Silver,1
39,68.5,434.1,18.2,16.1,5,Mobile,Gold,0
37,81.4,624.41,11.6,13.4,31,Mobile,Basic,0
53,54.3,220.57,50.3,24.8,32,Mobile,Basic,1
31,36.3,,33.9,10.1,51,Mobile,Basic,2
35,70.1,641.59,16.7,11.2,10,Mobile,Gold,0
27,69.3,577.36,30.3,12.1,19,Desktop,Silver,0
48,63.4,545.37,20.3,9.5,32,Desktop,Gold,0
31,68.0,736.38,27.5,11.2,23,Tablet,Gold,0
65,93.1,375.77,27.6,13.6,21,Desktop,Gold,2
47,75.7,147.64,21.6,8.4,27,Desktop,Basic,3
18,94.4,559.75,25.8,12.3,24,Desktop,Silver,0
43,98.3,400.96,30.1,13.6,15,Mobile,Basic,2
33,52.0,104.87,16.0,9.2,29,Desktop,Silver,3
36,61.6,545.21,42.2,19.8,31,Mobile,Gold,2
31,52.7,520.99,25.3,16.1,14,Mobile,Gold,0
26,46.7,50.0,20.3,11.3,19,Desktop,Gold,4
55,81.5,595.9,36.0,17.5,14,Mobile,Gold,0
19,82.5,389.96,35.3,12.6,24,Mobile,Basic,0
26,58.0,442.08,20.1,28.1,34,Mobile,Platinum,0
33,47.3,542.44,28.9,16.4,10,Desktop,Silver,1
46,59.9,332.86,35.0,25.5,22,Mobile,Gold,0
27,54.8,511.83,23.6,16.2,39,Desktop,Basic,0
22,98.3,614.46,27.9,15.6,18,Desktop,Silver,0
55,109.4,298.84,30.4,16.5,47,Mobile,Basic,2
32,36.5,193.58,20.4,9.8,31,Mobile,Silver,3
27,106.3,364.46,17.6,14.6,50,Desktop,Silver,0
36,53.7,166.11,8.0,7.3,41,Tablet,Silver,3
51,36.7,172.75,25.7,10.7,35,Mobile,Silver,3
54,103.4,433.28,26.0,21.3,33,Desktop,Gold,2
46,64.1,498.51,20.1,24.5,21,Desktop,Basic,0
38,54.5,198.67,40.4,27.6,2,Mobile,Basic,1
32,57.9,211.97,17.3,14.7,7,Desktop,Gold,3
37,44.3,327.74,12.4,12.3,23,Mobile,Basic,1
53,77.8,585.23,18.9,8.3,23,Mobile,Silver,0
35,53.0,313.45,36.0,12.8,9,Mobile,Silver,1
41,81.8,299.05,43.7,22.3,19,Mobile,Basic,1
25,20.0,402.32,29.5,28.3,9,Mobile,Silver,1
28,70.7,475.57,24.4,12.4,2,Desktop,Silver,0
26,40.7,291.68,24.3,11.2,21,Desktop,Silver,0
51,113.8,300.38,25.4,16.7,36,Desktop,Basic,2
46,23.1,87.43,21.3,14.3,38,Mobile,Basic,3
43,,328.86,36.3,16.5,15,Desktop,Silver,0
29,45.4,229.92,19.0,12.4,4,Mobile,Basic,4
41,82.6,362.02,31.1,13.1,40,Mobile,Basic,0
30,70.3,276.49,30.4,17.7,21,Mobile,Platinum,1
44,47.7,366.55,29.4,21.4,21,Desktop,Basic,2
32,41.4,163.2,21.0,9.0,11,Desktop,Silver,2
47,41.6,,24.1,11.1,19,Tablet,Basic,3
40,106.0,298.17,31.0,9.4,38,Mobile,Silver,0
57,60.8,86.05,20.9,7.9,6,Mobile,Silver,3
26,101.1,313.2,26.2,20.4,21,Desktop,Basic,0
51,84.3,593.26,23.9,12.8,11,Desktop,Platinum,2
43,51.4,304.7,30.1,8.1,25,Mobile,Silver,2
19,43.1,436.82,21.7,19.7,8,Mobile,Silver,1
42,48.5,586.05,28.7,14.6,35,Tablet,Platinum,0
75,57.2,64.0,30.4,10.6,58,Mobile,Gold,3
30,100.6,449.98,46.3,13.6,60,Desktop,Gold,0
52,59.2,595.36,22.7,15.8,25,Mobile,Platinum,0
52,76.7,275.22,29.1,3.0,45,Desktop,Gold,2
18,68.4,203.62,31.8,24.1,23,Mobile,Gold,1
47,81.2,340.72,21.8,13.8,13,Mobile,Silver,2
29,64.7,302.37,33.8,20.1,40,Mobile,Silver,0
43,77.6,468.53,5.0,18.8,31,Tablet,Silver,0
53,49.7,321.43,18.9,17.8,45,Desktop,Basic,2
35,42.7,292.43,38.6,25.6,41,Mobile,Silver,1
41,71.3,362.26,17.6,3.0,33,Mobile,Silver,0
49,57.9,629.41,14.4,21.0,51,Desktop,Gold,2
37,24.3,331.49,15.2,16.8,17,Desktop,Basic,1
29,62.4,279.06,,14.7,6,Mobile,Silver,1
49,30.2,513.7,33.0,20.4,13,Mobile,Gold,1
49,83.5,437.01,39.2,14.2,16,Mobile,Silver,2
18,69.6,379.31,45.3,11.5,36,Desktop,Gold,2
56,47.0,223.07,25.5,3.3,29,Desktop,Basic,2
32,54.7,,25.7,19.3,26,Mobile,Gold,0
62,84.3,347.55,30.6,16.0,24,Mobile,Basic,2
18,48.6,295.24,29.7,27.9,8,Mobile,Silver,1
37,27.5,354.38,20.7,15.4,36,Mobile,Basic,1
47,77.4,253.34,41.1,14.0,27,Mobile,Gold,0
30,49.0,126.54,10.9,11.0,28,Desktop,Silver,3
41,60.7,481.88,30.6,6.5,60,Desktop,Silver,2
39,62.3,94.95,31.2,7.2,28,Mobile,Gold,0
42,58.8,619.97,25.5,14.9,38,Mobile,Gold,0
67,27.0,133.78,14.2,5.5,12,Tablet,Basic,3
46,104.5,491.65,21.5,20.2,17,Desktop,Silver,0
39,38.1,356.87,21.5,13.7,11,Mobile,Silver,4
28,41.8,149.11,38.6,22.0,26,Desktop,Silver,1
33,46.5,216.11,10.2,27.0,29,Mobile,Gold,1
64,68.3,349.98,11.4,19.8,33,Mobile,Gold,0
42,64.6,651.56,29.3,7.2,22,Mobile,Silver,0
23,40.4,106.87,21.2,10.3,28,Tablet,Basic,3
38,50.0,460.98,36.5,14.2,30,Desktop,Gold,0
49,83.6,415.95,33.9,13.8,15,Mobile,Gold,2
23,67.9,682.75,23.6,16.5,1,Desktop,Platinum,0
18,80.8,202.35,19.2,20.0,26,Mobile,Silver,0
31,78.2,269.9,34.0,9.3,3,Mobile,Gold,0
33,66.8,208.06,31.4,23.9,34,Mobile,Basic,1
24,42.4,245.07,19.3,11.5,28,Mobile,Basic,4
18,99.0,527.21,14.0,14.4,24,Mobile,Silver,0
18,78.8,273.37,30.7,9.3,27,Tablet,Platinum,0
48,94.5,526.07,24.3,7.5,19,Mobile,Silver,0
18,62.8,161.91,45.5,20.9,28,Mobile,Silver,1
37,67.2,394.38,37.0,8.4,13,Mobile,Platinum,0
55,29.9,116.65,18.7,6.8,40,Mobile,Basic,3
31,52.6,197.53,26.3,13.9,27,Desktop,Silver,1
37,48.9,233.1,34.9,21.2,16,Tablet,Basic,1
32,98.4,385.22,35.8,15.9,20,Mobile,Platinum,0
22,46.1,240.27,15.7,15.4,12,Mobile,Silver,4
41,69.7,686.83,30.6,15.4,39,Desktop,Gold,0
26,84.2,525.41,12.6,22.5,10,Tablet,Basic,0
18,20.0,327.39,13.6,16.9,26,Mobile,Silver,1
18,53.1,365.53,37.0,30.7,11,Mobile,Basic,1
37,74.9,338.04,5.0,10.0,31,Tablet,Gold,0
38,94.3,501.78,30.9,18.8,24,Mobile,Gold,0
36,51.5,335.86,19.6,15.8,17,Mobile,Gold,2
29,61.4,375.56,34.4,13.4,20,Mobile,Basic,0
48,60.3,330.46,37.1,13.1,13,Mobile,Silver,2
38,56.9,393.03,22.6,18.8,7,Mobile,Silver,1
38,73.9,473.28,31.3,16.1,9,Desktop,Basic,0
25,53.6,247.19,27.9,29.7,19,Mobile,Silver,1
42,132.0,651.85,21.5,26.4,24,Mobile,Platinum,0
41,20.0,452.37,25.3,11.2,34,Desktop,Basic,2
46,62.3,264.65,28.8,21.2,10,Tablet,Silver,1
36,66.5,406.93,30.2,9.5,14,Desktop,Silver,0
42,79.0,434.87,23.1,21.5,14,Mobile,Silver,1
29,40.6,50.0,9.4,4.6,3,Mobile,Silver,4
24,56.6,839.78,24.5,20.0,26,Desktop,Basic,0
18,73.0,140.05,19.1,15.3,23,Tablet,Basic,3
34,68.1,611.44,31.5,16.4,11,Mobile,Silver,0
47,43.5,689.16,35.3,10.4,19,Desktop,Basic,0
28,83.6,661.87,34.5,12.8,39,Mobile,Gold,0
47,71.2,448.58,37.3,20.3,39,Desktop,Gold,0
38,102.2,748.17,20.1,14.0,12,Desktop,Gold,0
26,97.7,382.0,20.7,20.6,16,Desktop,Silver,0
38,68.0,161.65,7.8,13.9,55,Desktop,Silver,3
42,54.5,377.62,36.3,15.6,23,Mobile,Silver,2
53,56.4,310.86,43.6,14.4,35,Desktop,Gold,2
19,63.7,415.18,17.2,13.7,5,Mobile,Gold,0
37,76.0,533.61,5.3,17.3,21,Mobile,Gold,0
39,101.0,478.46,19.3,11.6,31,Desktop,Platinum,0
45,69.5,341.56,24.6,15.0,35,Tablet,Platinum,2
59,66.8,133.87,24.2,7.1,27,Mobile,Silver,3
39,55.8,322.56,20.8,14.8,8,Desktop,Platinum,0
54,81.0,535.62,18.2,9.1,31,Desktop,Silver,0
52,72.0,337.04,32.7,17.7,17,Mobile,Silver,1
35,97.2,256.68,36.2,21.1,29,Mobile,Platinum,0
35,65.7,454.75,26.1,24.4,31,Mobile,Basic,0
23,45.1,371.07,25.1,16.3,12,Desktop,Silver,1
47,58.8,353.81,30.0,9.0,9,Desktop,Gold,2
39,93.4,737.15,20.7,9.4,32,Desktop,Silver,0
32,88.5,377.66,34.6,11.3,32,Desktop,Basic,0
20,47.7,305.77,18.7,16.7,15,Mobile,Basic,4
41,36.9,528.34,17.5,9.1,30,Desktop,Gold,0
21,61.6,387.26,26.6,14.6,30,Desktop,Platinum,0
44,69.6,944.39,29.4,18.4,45,Mobile,Gold,0
48,102.3,473.03,39.1,14.6,35,Desktop,Gold,0
40,95.5,395.07,18.5,21.7,28,Desktop,Basic,0
52,30.5,443.08,31.7,18.6,27,Mobile,Basic,2
49,74.1,470.88,27.2,25.5,9,Desktop,Platinum,0
40,75.8,445.72,29.7,20.5,30,Mobile,Gold,0
31,37.0,478.29,28.1,18.2,24,Mobile,Gold,1
46,49.5,423.06,24.6,24.4,18,Mobile,Silver,1
29,64.9,50.0,22.3,10.7,4,Tablet,Basic,3
28,38.0,122.63,30.3,13.2,23,Mobile,Basic,3
31,57.0,444.58,25.0,12.6,19,Mobile,Basic,0
64,76.4,419.08,37.1,15.7,51,Desktop,Platinum,2
25,40.2,368.23,28.9,11.8,1,Mobile,Silver,1
23,62.7,103.31,21.2,19.3,32,Desktop,Gold,4
27,54.8,240.36,29.8,27.8,4,Mobile,Gold,1
39,63.8,167.43,17.3,15.6,23,Mobile,Basic,4
66,70.6,473.52,39.5,12.9,42,Mobile,Gold,2
28,78.5,733.03,17.8,18.1,28,Desktop,Basic,0
50,84.9,187.57,24.3,16.9,13,Desktop,Basic,1
21,39.5,136.75,21.0,11.7,13,Mobile,Basic,4
64,45.7,255.52,25.4,15.5,42,Mobile,Silver,3
25,97.4,489.76,29.9,19.1,28,Desktop,Silver,0
42,67.0,443.26,27.5,4.7,46,Desktop,Silver,2
25,115.5,484.81,25.0,12.9,12,Desktop,Silver,0
35,87.2,714.86,20.4,16.5,36,Mobile,Platinum,0
26,78.6,730.85,22.3,20.3,22,Mobile,Gold,0
36,45.4,,19.3,13.7,10,Mobile,Basic,0
44,75.1,150.85,22.3,22.2,35,Desktop,Silver,2
37,77.0,361.88,42.5,28.1,21,Desktop,Gold,0
59,50.9,602.13,27.4,13.7,30,Tablet,Silver,2
23,35.6,417.99,18.0,17.7,29,Desktop,Basic,0
35,104.6,449.07,13.3,13.9,38,Tablet,Gold,0
18,73.1,536.32,46.2,21.0,26,Mobile,Gold,0
25,88.0,474.18,27.3,15.2,24,Mobile,Gold,0
33,50.1,357.06,34.6,14.1,31,Mobile,Gold,0
25,67.0,477.48,29.6,15.6,32,Mobile,Basic,0
18,70.6,167.17,39.8,23.0,1,Desktop,Gold,1
48,59.6,476.91,30.6,18.7,29,Desktop,Silver,0
45,71.9,332.47,19.2,21.8,35,Mobile,Silver,0
18,73.3,271.33,26.3,20.9,12,Desktop,Gold,0
43,42.1,120.52,26.7,10.8,28,Desktop,Silver,3
22,59.5,167.48,11.3,3.2,13,Mobile,Gold,3
31,73.2,190.9,35.6,3.0,20,Desktop,Silver,1
18,74.7,165.27,20.6,6.5,52,Mobile,Basic,0
35,52.4,608.29,30.1,19.6,9,Desktop,Gold,0
26,58.7,221.81,8.4,11.3,11,Desktop,Silver,4
19,66.1,326.72,18.8,10.9,25,Desktop,Platinum,0
37,87.4,807.05,26.1,20.1,36,Desktop,Gold,0
27,81.1,487.67,31.5,10.6,39,Tablet,Gold,0
38,77.5,485.08,30.4,24.8,1,Mobile,Basic,0
40,75.9,423.43,6.1,17.9,23,Desktop,Basic,0
41,26.7,361.46,33.2,9.8,34,Desktop,Silver,2
34,91.0,403.0,40.7,12.8,16,Mobile,Silver,0
18,68.1,50.0,22.8,11.9,19,Mobile,Silver,1
42,42.3,478.59,29.1,19.7,6,Desktop,Silver,0
27,64.5,544.96,15.6,13.7,35,Mobile,Basic,0
19,42.5,63.66,14.6,13.6,48,Tablet,Silver,3
40,61.6,485.72,14.6,10.2,23,Mobile,Silver,0
36,90.2,552.43,27.7,14.3,22,Desktop,Platinum,2
18,38.9,249.17,31.4,19.4,15,Desktop,Basic,1
21,91.0,362.05,41.5,13.4,18,Mobile,Basic,0
33,47.5,278.97,20.8,12.1,18,Mobile,Gold,4
47,88.1,492.08,28.4,9.2,55,Desktop,Gold,0
40,20.0,106.73,20.5,7.5,16,Tablet,Basic,3
48,78.4,364.89,22.1,15.5,27,Mobile,Gold,0
48,56.8,100.25,8.0,7.3,50,Mobile,Basic,3
18,101.4,190.71,18.8,13.1,45,Desktop,Basic,0
32,51.1,186.47,35.2,16.9,16,Desktop,Silver,1
55,45.4,268.46,21.5,12.7,44,Desktop,Silver,2
51,29.8,84.24,21.4,9.7,40,Mobile,Basic,3
35,64.7,151.48,20.6,14.0,44,Mobile,Silver,3
55,60.5,298.66,21.9,11.3,21,Mobile,Gold,2
43,58.3,105.28,14.8,4.0,39,Tablet,Basic,3
36,71.5,625.79,14.7,15.3,12,Mobile,Gold,0
43,90.3,311.55,25.5,10.5,29,Mobile,Gold,0
22,96.9,741.18,29.0,17.8,20,Tablet,Gold,0
33,102.0,476.51,27.4,14.2,23,Desktop,Gold,0
37,78.6,395.32,13.7,22.9,37,Mobile,Gold,0
49,90.4,384.48,46.5,24.8,10,Mobile,Silver,1
29,81.3,477.3,28.7,6.0,22,Desktop,Gold,0
42,59.5,242.08,35.0,18.2,27,Mobile,Platinum,1
27,97.4,533.86,41.8,17.6,31,Desktop,Silver,0
32,91.5,500.2,32.9,25.7,14,Desktop,Gold,0
56,67.7,340.14,38.5,25.5,33,Mobile,Basic,1
68,21.9,338.99,29.3,11.3,54,Mobile,Gold,2
37,71.2,501.57,29.2,11.5,20,Desktop,Gold,2
23,73.5,450.6,30.5,21.8,7,Desktop,Gold,1
32,60.1,727.14,28.1,10.4,34,Mobile,Gold,0
35,56.1,377.86,5.0,9.2,32,Mobile,Silver,1
22,78.9,497.59,36.5,16.9,20,Desktop,Platinum,0
39,97.2,583.68,30.0,16.4,17,Desktop,Basic,0
25,51.2,509.09,29.0,20.5,31,Mobile,Platinum,0
43,55.0,440.97,10.3,15.2,39,Mobile,Platinum,0
36,,490.98,20.4,14.1,38,Mobile,Gold,0
18,50.5,153.45,16.9,6.2,23,Mobile,Gold,4
27,48.7,133.37,16.3,12.5,10,Desktop,Silver,4
18,78.7,332.18,35.7,14.1,11,Mobile,Gold,0
33,82.0,866.34,8.1,9.0,40,Desktop,Silver,0
30,62.2,424.17,22.3,20.3,40,Desktop,Basic,0
39,70.3,488.77,31.4,20.0,28,Mobile,Gold,0
57,60.6,89.5,21.6,10.9,26,Mobile,Basic,3
28,70.2,364.11,18.2,20.3,23,Desktop,Gold,0
59,60.4,263.98,30.4,17.2,29,Desktop,Platinum,2
34,74.1,300.23,24.9,18.3,28,Tablet,Gold,0
30,48.2,258.81,18.8,11.1,19,Mobile,Basic,4
37,78.3,284.46,27.7,24.2,12,Tablet,Platinum,0
38,126.2,243.12,39.6,11.1,31,Desktop,Platinum,2
34,83.5,213.04,26.5,13.0,2,Desktop,Basic,0
45,20.0,494.84,36.2,11.8,31,Mobile,Basic,1
18,57.7,338.07,31.5,20.8,9,Mobile,Gold,0
38,118.2,183.03,16.9,18.6,34,Desktop,Silver,0
28,75.1,143.43,28.9,11.1,37,Desktop,Silver,3
40,36.5,116.05,15.3,8.2,51,Mobile,Basic,3
49,58.7,173.63,24.3,15.6,1,Mobile,Gold,3
20,42.4,142.43,31.1,21.0,38,Mobile,Basic,1
57,53.8,414.27,11.6,12.6,31,Desktop,Basic,2
28,56.3,551.17,33.3,17.5,19,Desktop,Platinum,0
28,66.9,417.0,18.0,20.3,22,Mobile,Gold,0
28,92.2,581.03,15.4,16.5,28,Desktop,Basic,0
18,38.3,339.9,30.3,20.5,16,Desktop,Gold,1
43,77.5,391.74,20.5,9.7,19,Desktop,Silver,0
25,95.7,409.84,23.3,17.0,7,Mobile,Silver,0
27,38.6,,24.2,5.7,15,Desktop,Silver,1
42,53.6,348.12,31.7,7.5,26,Desktop,Basic,2
34,56.3,500.81,24.6,14.8,11,Mobile,Gold,0
51,51.4,564.33,9.7,3.7,17,Desktop,Silver,0
35,103.0,424.92,26.9,13.7,14,Mobile,Silver,0
39,68.8,434.96,47.6,13.0,28,Desktop,Silver,0
37,69.6,793.88,18.1,14.0,35,Desktop,Silver,0
26,73.1,377.7,29.1,14.0,14,Tablet,Silver,1
36,64.7,314.93,38.5,18.8,20,Tablet,Basic,1
32,47.1,381.17,39.9,27.2,10,Desktop,Silver,1
50,44.8,449.57,23.5,23.0,1,Desktop,Silver,0
39,36.4,546.56,15.1,16.1,7,Desktop,Basic,2
27,80.4,720.31,23.8,23.1,28,Mobile,Basic,0
43,20.0,343.63,34.8,17.8,37,Mobile,Silver,1
55,33.7,359.96,40.1,14.0,26,Desktop,Silver,2
23,90.5,779.04,29.3,13.8,22,Mobile,Basic,0
30,62.0,467.67,30.4,23.1,1,Mobile,Platinum,0
18,74.5,122.86,20.8,11.5,25,Tablet,Gold,3
55,84.8,382.86,22.1,14.3,15,Mobile,Basic,0
52,57.2,162.95,34.1,28.6,29,Mobile,Silver,1
49,42.5,505.64,20.5,21.6,11,Tablet,Platinum,0
22,66.1,359.55,43.6,22.8,21,Mobile,Silver,1
26,49.3,50.0,31.7,22.1,31,Desktop,Platinum,0
36,108.9,682.38,20.3,20.5,39,Desktop,Platinum,0
36,28.3,122.93,37.8,13.4,4,Desktop,Basic,1
18,65.5,506.15,28.6,19.3,19,Tablet,Gold,0
40,63.3,494.95,9.1,15.0,17,Mobile,Gold,0
36,66.4,366.27,28.0,12.9,46,Desktop,Silver,0
34,74.0,495.32,33.0,16.3,36,Mobile,Platinum,0
35,54.3,436.63,34.2,12.9,11,Tablet,Platinum,0
41,81.7,334.37,23.1,14.1,24,Mobile,Platinum,0
50,42.0,203.32,31.8,7.4,11,Desktop,Gold,3
41,61.9,430.13,22.2,16.5,9,Mobile,Silver,0
26,53.2,330.74,35.9,24.6,3,Mobile,Gold,1
29,80.4,399.45,27.9,17.7,15,Mobile,Basic,0
45,65.7,373.7,16.8,10.5,8,Desktop,Silver,0
50,69.2,72.49,6.4,10.9,54,Tablet,Gold,3
30,77.0,214.57,25.2,14.4,1,Mobile,Silver,0
18,39.3,240.7,14.2,16.6,12,Desktop,Silver,4
50,60.7,516.35,17.4,23.6,12,Desktop,Gold,0
29,78.1,220.94,49.0,4.4,7,Mobile,Silver,2
38,87.4,395.51,32.3,20.1,12,Desktop,Basic,1
46,46.9,129.47,14.8,6.4,28,Mobile,Silver,3
23,65.1,325.49,48.8,28.3,6,Mobile,Silver,1
18,94.5,428.03,23.7,27.5,32,Desktop,Platinum,1
18,92.0,376.25,28.1,30.0,43,Tablet,Platinum,0
34,103.4,161.68,29.0,17.6,32,Desktop,Basic,0
53,20.0,104.19,13.7,12.0,47,Mobile,Basic,3
36,51.9,416.04,22.3,17.9,28,Desktop,Gold,0
38,66.6,405.72,18.9,9.9,7,Mobile,Gold,0
49,58.4,346.2,38.4,12.7,16,Desktop,Silver,2
40,93.4,414.22,13.8,17.5,27,Tablet,Silver,0
30,31.4,148.78,12.4,13.6,18,Desktop,Silver,4
64,72.8,437.24,23.1,9.1,45,Desktop,Basic,2
53,66.8,271.91,16.6,21.0,28,Desktop,Silver,1
45,54.4,104.16,9.8,8.7,22,Desktop,Gold,3
46,80.6,374.35,18.5,12.0,26,Desktop,Basic,0
31,53.5,601.01,26.2,16.4,14,Mobile,Basic,0
18,69.0,209.6,27.3,22.6,16,Tablet,Gold,1
23,105.1,220.11,7.1,19.4,6,Desktop,Gold,0
49,52.5,242.7,24.6,8.5,48,Desktop,Basic,2
55,36.8,138.83,13.7,9.5,22,Tablet,Basic,3
28,78.2,267.88,32.4,9.6,9,Mobile,Platinum,0
32,67.5,503.33,25.7,6.9,36,Desktop,Basic,0
46,63.4,216.84,9.8,6.6,24,Mobile,Basic,4
24,83.9,621.21,37.2,12.8,32,Mobile,Platinum,0
31,70.8,279.6,21.8,27.9,19,Desktop,Basic,1
28,83.3,420.56,18.6,26.9,12,Desktop,Platinum,0
25,44.9,52.87,34.5,9.2,25,Desktop,Silver,3
48,65.7,82.1,26.3,22.6,18,Mobile,Silver,1
36,58.2,604.97,19.8,10.1,30,Desktop,Basic,2
28,41.1,202.42,13.2,17.1,38,Desktop,Gold,2
33,74.4,602.06,38.1,8.7,54,Mobile,Silver,0
36,78.3,744.57,33.1,17.1,36,Mobile,Gold,0
51,66.5,240.43,39.4,11.8,13,Desktop,Basic,2
45,84.6,522.93,18.5,15.5,20,Tablet,Gold,0
42,62.5,264.21,34.8,8.0,11,Desktop,Silver,2
45,23.3,149.86,19.7,8.7,25,Desktop,Basic,3
18,48.7,245.13,37.7,20.2,25,Tablet,Silver,1
29,62.6,418.94,39.2,7.4,17,Desktop,Silver,2
49,40.6,208.24,29.2,13.4,27,Desktop,Silver,2
40,76.6,119.49,38.8,9.3,50,Mobile,Gold,2
37,108.1,360.31,38.3,16.9,40,Mobile,Platinum,0
53,89.4,414.7,28.4,12.2,25,Mobile,Gold,0
47,71.8,318.82,17.3,15.4,14,Mobile,Silver,0
46,52.4,285.78,20.3,16.5,12,Mobile,Silver,1
45,54.7,300.21,39.1,25.0,12,Desktop,Gold,1
49,88.3,453.94,34.5,17.5,30,Desktop,Platinum,2
36,91.4,423.23,28.9,12.2,1,Mobile,Gold,0
24,69.8,363.18,41.8,7.9,21,Desktop,Silver,1
50,48.8,452.38,31.7,13.3,45,Mobile,Basic,0
31,68.4,50.0,25.8,17.1,9,Desktop,Silver,2
47,30.6,453.27,34.3,26.3,10,Mobile,Gold,1
32,84.6,391.2,12.8,15.7,20,Desktop,Silver,0
59,56.6,479.62,21.8,26.4,30,Desktop,Gold,0
47,60.9,547.46,35.0,8.6,19,Desktop,Silver,2
50,93.7,209.13,31.4,17.6,16,Mobile,Gold,1
48,64.7,561.21,21.5,5.8,12,Desktop,Gold,0
24,46.0,239.17,14.4,10.1,16,Mobile,Basic,4
37,78.5,433.98,40.0,17.0,16,Mobile,Basic,2
27,40.5,186.04,12.8,15.1,7,Mobile,Basic,4
42,70.5,580.35,31.4,24.5,33,Desktop,Gold,0
49,80.6,265.74,23.1,16.9,22,Mobile,Basic,1
58,60.0,50.0,10.7,16.5,45,Mobile,Basic,3
18,64.2,477.69,49.1,10.5,15,Mobile,Basic,1
28,53.0,237.26,32.7,9.9,24,Desktop,Silver,2
56,84.1,436.71,35.5,20.8,35,Desktop,Silver,0
39,57.1,349.22,29.7,3.0,22,Mobile,Silver,0
30,45.4,607.87,8.0,15.8,14,Mobile,Silver,0
55,75.5,131.5,29.4,9.5,36,Desktop,Gold,0
37,91.4,456.41,20.3,20.3,9,Mobile,Silver,0
43,56.1,388.68,25.4,22.4,18,Tablet,Platinum,0
25,31.8,121.36,20.5,12.1,15,Mobile,Silver,4
58,98.6,401.13,28.1,11.6,28,Mobile,Gold,0
29,41.4,220.39,26.0,13.4,15,Mobile,Silver,1
18,61.6,343.85,45.1,12.1,44,Desktop,Silver,2
21,64.1,364.04,36.9,33.0,12,Mobile,Silver,1
35,111.8,428.02,25.2,15.0,9,Desktop,Gold,0
44,103.8,293.16,12.4,19.6,45,Desktop,Basic,2
40,48.9,314.21,17.4,18.6,9,Desktop,Silver,1
31,80.9,375.97,34.2,11.0,41,Mobile,Silver,2
26,53.9,140.37,42.0,11.7,44,Desktop,Platinum,2
56,83.1,311.35,12.6,17.7,1,Mobile,Silver,4
28,76.8,318.52,15.2,21.0,22,Mobile,Platinum,1
37,66.9,578.26,34.2,14.2,42,Mobile,Silver,0
48,78.8,217.99,22.3,30.6,17,Desktop,Basic,1
35,70.0,648.24,42.2,15.3,53,Mobile,Basic,0
50,37.7,153.01,16.4,5.4,4,Tablet,Basic,3
21,78.6,477.21,23.7,10.4,27,Desktop,Silver,0
22,77.3,259.22,23.1,9.5,13,Mobile,Platinum,0
45,52.6,540.67,38.6,15.2,42,Tablet,Gold,2
34,78.5,250.6,51.2,14.3,7,Mobile,Silver,1
